TEST,distortion_new/20210905_170449.jpg,uncollected_waste,0.615722,0.071729,,,0.444925,0.017638,,
TEST,distortion_new/20210905_170705.jpg,uncollected_waste,0.697706,0.142602,,,0.492037,0.038944,,
TEST,distortion_new/20210905_165543.jpg,fallen_Trees,0.41304300000000005,0.310315,,,0.43158599999999997,0.170077,,
TEST,distortion_new/20210905_165609.jpg,uncollected_waste,0.048167,0.078431,,,0.44565200000000005,0.031969,,
TEST,distortion_new/20210905_170343.jpg,uncollected_waste,0.76769,0.170503,,,0.519821,0.101023,,
TEST,distortion_new/20210905_165103.jpg,uncollected_waste,0.976769,0.046462,,,0.501918,0.042199,,
TEST,distortion_new/20210905_164947.jpg,uncollected_waste,0.084612,0.169224,,,0.546675,0.11636800000000001,,
TEST,distortion_new/20210905_165410(0).jpg,fallen_Trees,0.794118,0.151748,,,0.492967,0.06266000000000001,,
TEST,distortion_new/20210905_170403.jpg,uncollected_waste,0.530691,0.088662,,,0.43733999999999995,0.043477999999999996,,
TEST,distortion_new/20210905_165614(0).jpg,uncollected_waste,0.671033,0.11108499999999999,,,0.548903,0.032163,,
TEST,distortion_new/20210905_165413.jpg,uncollected_waste,0.278346,0.201194,,,0.560102,0.084399,,
TEST,distortion_new/20210905_164919.jpg,uncollected_waste,0.479083,0.138229,,,0.525895,0.054348,,
TEST,distortion_new/20210905_170357.jpg,fallen_Trees,0.047101,0.094202,,,0.36636799999999997,0.10613800000000001,,
TEST,distortion_new/20210905_170704.jpg,uncollected_waste,0.8827790000000001,0.196078,,,0.501918,0.10358099999999999,,
TEST,distortion_new/20210905_164954(0).jpg,uncollected_waste,0.469949,0.042017,,,0.49232700000000007,0.026489,,
TEST,distortion_new/20210905_165710.jpg,fallen_Trees,0.41611499999999996,0.054679,,,0.491886,0.024253,,
TEST,distortion_new/20210905_165305.jpg,uncollected_waste,0.13256600000000002,0.192668,,,0.622762,0.07928400000000001,,
TEST,distortion_new/20210905_170642.jpg,fallen_Trees,0.7463770000000001,0.404092,,,0.601023,0.21227600000000002,,
TEST,distortion_new/20210905_165345(0).jpg,uncollected_waste,0.13938599999999998,0.185848,,,0.494885,0.06138099999999999,,
TEST,distortion_new/20210905_164949.jpg,fallen_Trees,0.050512,0.101023,,,0.382353,0.117647,,
TEST,distortion_new/20210905_164948.jpg,fallen_Trees,0.654305,0.066496,,,0.5108699999999999,0.060101999999999996,,
TEST,distortion_new/20210905_165030.jpg,fallen_Trees,0.413896,0.032396,,,0.524936,0.024297,,
TEST,distortion_new/20210905_165347.jpg,uncollected_waste,0.349105,0.11423699999999999,,,0.558824,0.063939,,
TEST,distortion_new/20210905_164920(0).jpg,uncollected_waste,0.761022,0.128486,,,0.507627,0.054348,,
TEST,distortion_new/20210905_164952.jpg,fallen_Trees,0.742967,0.407502,,,0.497442,0.181586,,
TEST,distortion_new/20210905_165222.jpg,uncollected_waste,0.346547,0.221654,,,0.349105,0.130435,,
TEST,distortion_new/20210905_164950.jpg,fallen_Trees,0.485808,0.06970599999999999,,,0.523356,0.025199,,
TEST,distortion_new/20210905_170629.jpg,uncollected_waste,0.30306900000000003,0.179028,,,0.409847,0.180307,,
TEST,distortion_new/20210905_164909.jpg,uncollected_waste,0.47613,0.075021,,,0.477621,0.037084,,
TEST,distortion_new/20210905_170627.jpg,fallen_Trees,0.5059680000000001,0.059676,,,0.48977,0.033248,,
TEST,distortion_new/20210905_165547.jpg,uncollected_waste,0.877877,0.244246,,,0.524936,0.090793,,
TEST,distortion_new/20210905_164947.jpg,uncollected_waste,0.611679,0.20971900000000002,,,0.516624,0.066496,,
TEST,distortion_new/20210905_164915.jpg,fallen_Trees,0.23827800000000002,0.11423699999999999,,,0.47506400000000004,0.05243,,
TEST,distortion_new/20210905_170429.jpg,fallen_Trees,0.331202,0.092072,,,0.686701,0.048593,,
TEST,distortion_new/20210905_165710.jpg,uncollected_waste,0.725079,0.102302,,,0.525399,0.039245,,
TEST,distortion_new/20210905_170627.jpg,uncollected_waste,0.288576,0.088662,,,0.491688,0.054987,,
TEST,distortion_new/20210905_164922.jpg,fallen_Trees,0.5639390000000001,0.039216,,,0.49360600000000004,0.028133,,
TEST,distortion_new/20210905_165615.jpg,fallen_Trees,0.575021,0.177323,,,0.40665,0.179028,,
TEST,distortion_new/20210905_165632.jpg,fallen_Trees,0.732737,0.117647,,,0.5236569999999999,0.05243,,
TEST,distortion_new/20210905_165420.jpg,fallen_Trees,0.670503,0.22847399999999998,,,0.43989799999999996,0.184143,,
TEST,distortion_new/20210905_165307.jpg,uncollected_waste,0.250213,0.458653,,,0.599105,0.24168800000000001,,
TEST,distortion_new/20210905_165345.jpg,uncollected_waste,0.302217,0.06138099999999999,,,0.462916,0.028133,,
TEST,distortion_new/20210905_170631.jpg,fallen_Trees,0.448849,0.129582,,,0.471228,0.049872,,
TEST,distortion_new/20210905_170542.jpg,uncollected_waste,0.432651,0.315431,,,0.469949,0.126598,,
TEST,distortion_new/20210905_165152(0).jpg,uncollected_waste,0.256181,0.085251,,,0.501279,0.025575,,
TEST,distortion_new/20210905_165708.jpg,uncollected_waste,0.286019,0.155158,,,0.558184,0.08823500000000001,,
TEST,distortion_new/20210905_165420.jpg,fallen_Trees,0.8787299999999999,0.24254,,,0.554348,0.19053699999999998,,
TEST,distortion_new/20210905_170343.jpg,uncollected_waste,0.650895,0.131287,,,0.48529399999999995,0.10358099999999999,,
TEST,distortion_new/20210905_165610.jpg,fallen_Trees,0.42779700000000004,0.020839,,,0.501918,0.013498,,
TEST,distortion_new/20210905_170450.jpg,uncollected_waste,0.41048599999999996,0.05285599999999999,,,0.502558,0.025575,,
TEST,distortion_new/20210905_165610.jpg,fallen_Trees,0.38469699999999996,0.051151,,,0.49783299999999997,0.016694999999999998,,
TEST,distortion_new/20210905_165626(0).jpg,uncollected_waste,0.592072,0.26598499999999997,,,0.543478,0.21739099999999997,,
TEST,distortion_new/20210905_164920(0).jpg,uncollected_waste,0.848405,0.087687,,,0.522927,0.041103,,
TEST,distortion_new/20210905_165623.jpg,uncollected_waste,0.616179,0.09914400000000001,,,0.497537,0.026049,,
TEST,distortion_new/20210905_165152(0).jpg,uncollected_waste,0.736147,0.059676,,,0.47953999999999997,0.025575,,
TEST,distortion_new/20210905_170703.jpg,fallen_Trees,0.924766,0.15046800000000002,,,0.560742,0.147059,,
TEST,distortion_new/20210905_170730.jpg,uncollected_waste,0.285166,0.085251,,,0.46163699999999996,0.033248,,
TEST,distortion_new/20210905_165545.jpg,uncollected_waste,0.921142,0.143223,,,0.526215,0.11125299999999999,,
TEST,distortion_new/20210905_164955.jpg,uncollected_waste,0.231148,0.0186,,,0.45193,0.021507,,
TEST,distortion_new/20210905_165059.jpg,uncollected_waste,0.69922,0.106091,,,0.5252439999999999,0.043573,,
TEST,distortion_new/20210905_165306.jpg,fallen_Trees,0.477835,0.078431,,,0.470588,0.07161100000000001,,
TEST,distortion_new/20210905_165633.jpg,uncollected_waste,0.460784,0.156863,,,0.535806,0.038363,,
TEST,distortion_new/20210905_164950.jpg,uncollected_waste,0.7889520000000001,0.056165999999999994,,,0.556266,0.039115,,
TEST,distortion_new/20210905_165054.jpg,uncollected_waste,0.459079,0.25916500000000003,,,0.31266,0.149616,,
TEST,distortion_new/20210905_165029.jpg,uncollected_waste,0.378943,0.078431,,,0.46163699999999996,0.058824,,
TEST,distortion_new/20210905_170627.jpg,uncollected_waste,0.37809,0.093777,,,0.503836,0.046036,,
TEST,distortion_new/20210905_165625.jpg,uncollected_waste,0.46189300000000005,0.09139,,,0.505627,0.030179,,
TEST,distortion_new/20210905_170644.jpg,fallen_Trees,0.40107,0.045467,,,0.490584,0.017825,,
TEST,distortion_new/20210905_164923.jpg,fallen_Trees,0.05733200000000001,0.11466300000000001,,,0.508312,0.085678,,
TEST,distortion_new/20210905_164919.jpg,fallen_Trees,0.279046,0.081598,,,0.595771,0.03882,,
TEST,distortion_new/20210905_164923(0).jpg,uncollected_waste,0.319968,0.054451,,,0.45664499999999997,0.00825,,
TEST,distortion_new/20210905_165626.jpg,fallen_Trees,0.11785999999999999,0.23571999999999999,,,0.496803,0.25447600000000004,,
TEST,distortion_new/20210905_165305.jpg,uncollected_waste,0.395993,0.177323,,,0.536445,0.08823500000000001,,
TEST,distortion_new/20210905_164927.jpg,uncollected_waste,0.7191569999999999,0.07875599999999999,,,0.497199,0.037145,,
TEST,distortion_new/20210905_165414.jpg,uncollected_waste,0.350177,0.036683999999999994,,,0.47837700000000005,0.017438,,
TEST,distortion_new/20210905_170444.jpg,uncollected_waste,0.401961,0.179028,,,0.560742,0.08823500000000001,,
TEST,distortion_new/20210905_170338.jpg,fallen_Trees,0.499147,0.063086,,,0.45076700000000003,0.026854000000000003,,
TEST,distortion_new/20210905_165103.jpg,uncollected_waste,0.5076729999999999,0.09036699999999999,,,0.457161,0.026854000000000003,,
TEST,distortion_new/20210905_165226.jpg,uncollected_waste,0.372214,0.082816,,,0.545077,0.031513,,
TEST,distortion_new/20210905_164915(0).jpg,uncollected_waste,0.153879,0.126172,,,0.48529399999999995,0.129156,,
TEST,distortion_new/20210905_164953.jpg,fallen_Trees,0.471867,0.09036699999999999,,,0.414962,0.044757,,
TEST,distortion_new/20210905_164953.jpg,fallen_Trees,0.45140699999999995,0.069906,,,0.43414300000000006,0.057545000000000006,,
TEST,distortion_new/20210905_170537.jpg,fallen_Trees,0.716539,0.156863,,,0.533887,0.09335,,
TEST,distortion_new/20210905_164915(0).jpg,uncollected_waste,0.847826,0.255754,,,0.5767260000000001,0.09462899999999999,,
TEST,distortion_new/20210905_164950.jpg,uncollected_waste,0.6798810000000001,0.065694,,,0.588047,0.028207999999999997,,
TEST,distortion_new/20210905_165415.jpg,fallen_Trees,0.7293270000000001,0.318841,,,0.40665,0.117647,,
TEST,distortion_new/20210905_170730.jpg,fallen_Trees,0.580136,0.085251,,,0.488491,0.028133,,
TEST,distortion_new/20210905_165409.jpg,uncollected_waste,0.721654,0.092072,,,0.464834,0.037084,,
TEST,distortion_new/20210905_170510.jpg,fallen_Trees,0.030904,0.06180700000000001,,,0.5,0.076726,,
TEST,distortion_new/20210905_170415.jpg,uncollected_waste,0.819693,0.144928,,,0.592711,0.042199,,
TEST,distortion_new/20210905_165000.jpg,uncollected_waste,0.434383,0.030904,,,0.472746,0.019181999999999998,,
TEST,distortion_new/20210905_170627.jpg,fallen_Trees,0.624467,0.047741000000000006,,,0.502558,0.025575,,
TEST,distortion_new/20210905_170426.jpg,fallen_Trees,0.46504700000000004,0.127877,,,0.48273699999999997,0.067775,,
TEST,distortion_new/20210905_165614(0).jpg,fallen_Trees,0.567181,0.032551,,,0.512865,0.019763,,
TEST,distortion_new/20210905_165610(0).jpg,uncollected_waste,0.616795,0.20630900000000002,,,0.5191819999999999,0.14578,,
TEST,distortion_new/20210905_170403.jpg,uncollected_waste,0.331202,0.085251,,,0.45140699999999995,0.030691000000000003,,
TEST,distortion_new/20210905_165614(0).jpg,fallen_Trees,0.537989,0.041333999999999996,,,0.515578,0.015888,,
TEST,distortion_new/20210905_165226.jpg,uncollected_waste,0.399921,0.109,,,0.542565,0.04567,,
TEST,distortion_new/20210905_164910.jpg,fallen_Trees,0.8949280000000001,0.210144,,,0.5639390000000001,0.161125,,
TEST,distortion_new/20210905_170632.jpg,uncollected_waste,0.153026,0.29838000000000003,,,0.45971899999999993,0.144501,,
TEST,distortion_new/20210905_164918.jpg,fallen_Trees,0.653453,0.092072,,,0.5121479999999999,0.031969,,
TEST,distortion_new/20210905_165601.jpg,uncollected_waste,0.546036,0.221654,,,0.377238,0.084399,,
TEST,distortion_new/20210905_165420.jpg,fallen_Trees,0.37638499999999997,0.223359,,,0.43989799999999996,0.184143,,
TEST,distortion_new/20210905_164915.jpg,fallen_Trees,0.378943,0.112532,,,0.46930900000000003,0.040921,,
TEST,distortion_new/20210905_165310.jpg,uncollected_waste,0.326939,0.093777,,,0.466113,0.037084,,
TEST,distortion_new/20210905_170635.jpg,uncollected_waste,0.467604,0.136402,,,0.549872,0.051151,,
TEST,distortion_new/20210905_165547.jpg,uncollected_waste,0.179454,0.204604,,,0.4789,0.07800499999999999,,
TEST,distortion_new/20210905_170444.jpg,uncollected_waste,0.5161979999999999,0.250639,,,0.669437,0.07800499999999999,,
TEST,distortion_new/20210905_165615.jpg,uncollected_waste,0.883632,0.180733,,,0.41368299999999997,0.057545000000000006,,
TEST,distortion_new/20210905_165029(0).jpg,uncollected_waste,0.346547,0.187553,,,0.5479539999999999,0.080563,,
TEST,distortion_new/20210905_170636.jpg,fallen_Trees,0.77792,0.235294,,,0.453325,0.177749,,
TEST,distortion_new/20210905_170406.jpg,uncollected_waste,0.6590239999999999,0.058458,,,0.536856,0.018725,,
TEST,distortion_new/20210905_165412.jpg,uncollected_waste,0.061594,0.123188,,,0.578645,0.134271,,
TEST,distortion_new/20210905_165643.jpg,uncollected_waste,0.5912189999999999,0.18925799999999998,,,0.441816,0.11636800000000001,,
TEST,distortion_new/20210905_165308.jpg,fallen_Trees,0.487212,0.05285599999999999,,,0.484655,0.033248,,
TEST,distortion_new/20210905_170408.jpg,uncollected_waste,0.24339299999999997,0.30179,,,0.5447569999999999,0.204604,,
TEST,distortion_new/20210905_170403.jpg,uncollected_waste,0.46334200000000003,0.10741700000000001,,,0.438619,0.030691000000000003,,
TEST,distortion_new/20210905_165624(0).jpg,uncollected_waste,0.270673,0.141517,,,0.501279,0.056266,,
TEST,distortion_new/20210905_165632.jpg,fallen_Trees,0.6577149999999999,0.046036,,,0.509591,0.034526999999999995,,
TEST,distortion_new/20210905_165410(0).jpg,uncollected_waste,0.400256,0.121057,,,0.48529399999999995,0.07289,,
TEST,distortion_new/20210905_165551.jpg,fallen_Trees,0.602302,0.14663299999999999,,,0.36509,0.07800499999999999,,
TEST,distortion_new/20210905_165613.jpg,uncollected_waste,0.586104,0.069906,,,0.542199,0.030691000000000003,,
TEST,distortion_new/20210905_165408.jpg,uncollected_waste,0.290616,0.062112,,,0.48844499999999996,0.024205,,
TEST,distortion_new/20210905_164954(0).jpg,uncollected_waste,0.549415,0.136402,,,0.482965,0.016898,,
TEST,distortion_new/20210905_165544(0).jpg,uncollected_waste,0.586104,0.32566100000000003,,,0.287084,0.154731,,
TEST,distortion_new/20210905_165028.jpg,uncollected_waste,0.360188,0.136402,,,0.49040900000000004,0.047314999999999996,,
TEST,distortion_new/20210905_164952.jpg,fallen_Trees,0.439471,0.36999099999999996,,,0.400895,0.136829,,
VALIDATE,distortion_new/20210905_165415.jpg,fallen_Trees,0.277494,0.134697,,,0.402174,0.113811,,
VALIDATE,distortion_new/20210905_164951.jpg,fallen_Trees,0.073529,0.147058,,,0.351662,0.132992,,
VALIDATE,distortion_new/20210905_170632.jpg,uncollected_waste,0.34313699999999997,0.235294,,,0.498721,0.148338,,
VALIDATE,distortion_new/20210905_165411.jpg,uncollected_waste,0.474425,0.14663299999999999,,,0.579284,0.07928400000000001,,
VALIDATE,distortion_new/20210905_164912.jpg,uncollected_waste,0.367647,0.137011,,,0.5658569999999999,0.041103,,
VALIDATE,distortion_new/20210905_165610.jpg,uncollected_waste,0.469238,0.053519000000000004,,,0.508845,0.030904,,
VALIDATE,distortion_new/20210905_165614(0).jpg,fallen_Trees,0.47702100000000003,0.057867999999999996,,,0.519065,0.013563,,
VALIDATE,distortion_new/20210905_170400.jpg,uncollected_waste,0.467604,0.102302,,,0.45971899999999993,0.05243,,
VALIDATE,distortion_new/20210905_165624.jpg,uncollected_waste,0.578431,0.22847399999999998,,,0.5274939999999999,0.08312,,
VALIDATE,distortion_new/20210905_170706.jpg,uncollected_waste,0.091432,0.182864,,,0.5997439999999999,0.10741700000000001,,
VALIDATE,distortion_new/20210905_170733.jpg,fallen_Trees,0.12723800000000002,0.25447600000000004,,,0.52046,0.268542,,
VALIDATE,distortion_new/20210905_170408.jpg,uncollected_waste,0.122123,0.244246,,,0.46099700000000005,0.234015,,
VALIDATE,distortion_new/20210905_165624(0).jpg,uncollected_waste,0.457374,0.081841,,,0.45971899999999993,0.044757,,
VALIDATE,distortion_new/20210905_165548.jpg,uncollected_waste,0.578431,0.22847399999999998,,,0.43414300000000006,0.11636800000000001,,
VALIDATE,distortion_new/20210905_164919.jpg,fallen_Trees,0.76772,0.094386,,,0.575904,0.052064,,
VALIDATE,distortion_new/20210905_165613.jpg,uncollected_waste,0.799233,0.12446700000000001,,,0.569693,0.039642000000000004,,
VALIDATE,distortion_new/20210905_165030.jpg,fallen_Trees,0.37468,0.022165,,,0.5345270000000001,0.02046,,
VALIDATE,distortion_new/20210905_164923.jpg,uncollected_waste,0.505115,0.156863,,,0.542199,0.06138099999999999,,
VALIDATE,distortion_new/20210905_164919.jpg,fallen_Trees,0.8319629999999999,0.068201,,,0.577503,0.03882,,
VALIDATE,distortion_new/20210905_165546.jpg,uncollected_waste,0.686122,0.143101,,,0.51836,0.03745,,
VALIDATE,distortion_new/20210905_165012.jpg,uncollected_waste,0.41495200000000004,0.074873,,,0.493717,0.032247000000000005,,
VALIDATE,distortion_new/20210905_165419.jpg,uncollected_waste,0.622762,0.262575,,,0.5319689999999999,0.089514,,
VALIDATE,distortion_new/20210905_165646.jpg,uncollected_waste,0.054774,0.109548,,,0.511509,0.051151,,
VALIDATE,distortion_new/20210905_170740.jpg,uncollected_waste,0.8267459999999999,0.106177,,,0.496687,0.040107,,
VALIDATE,distortion_new/20210905_165707.jpg,fallen_Trees,0.491475,0.5149189999999999,,,0.414322,0.235294,,
VALIDATE,distortion_new/20210905_170510.jpg,fallen_Trees,0.27664099999999997,0.109122,,,0.599105,0.049872,,
VALIDATE,distortion_new/20210905_164952.jpg,fallen_Trees,0.19053699999999998,0.175618,,,0.35485900000000004,0.167519,,
VALIDATE,distortion_new/20210905_170644.jpg,uncollected_waste,0.6201399999999999,0.058901,,,0.51364,0.032938,,
VALIDATE,distortion_new/20210905_165625.jpg,uncollected_waste,0.7080989999999999,0.075021,,,0.5196930000000001,0.021483000000000002,,
VALIDATE,distortion_new/20210905_170542.jpg,uncollected_waste,0.709719,0.36487600000000003,,,0.5345270000000001,0.19181600000000001,,
VALIDATE,distortion_new/20210905_165632.jpg,uncollected_waste,0.344842,0.085251,,,0.48785200000000006,0.049872,,
VALIDATE,distortion_new/20210905_165710.jpg,fallen_Trees,0.6292439999999999,0.030573000000000003,,,0.501808,0.013229,,
VALIDATE,distortion_new/20210905_170635.jpg,uncollected_waste,0.387468,0.136402,,,0.5428390000000001,0.057545000000000006,,
VALIDATE,distortion_new/20210905_164920(0).jpg,uncollected_waste,0.7327060000000001,0.109609,,,0.5156189999999999,0.039277,,
VALIDATE,distortion_new/20210905_170510.jpg,uncollected_waste,0.46248900000000004,0.119352,,,0.563299,0.08312,,
VALIDATE,distortion_new/20210905_164918.jpg,uncollected_waste,0.351662,0.075021,,,0.477621,0.039642000000000004,,
VALIDATE,distortion_new/20210905_165012.jpg,uncollected_waste,0.382334,0.063012,,,0.501779,0.030579000000000002,,
VALIDATE,distortion_new/20210905_164919.jpg,uncollected_waste,0.564334,0.12970399999999999,,,0.563573,0.046584,,
VALIDATE,distortion_new/20210905_165353.jpg,uncollected_waste,0.442882,0.110827,,,0.506394,0.038363,,
VALIDATE,distortion_new/20210905_170740.jpg,uncollected_waste,0.550841,0.118577,,,0.481283,0.025575,,
VALIDATE,distortion_new/20210905_165223.jpg,uncollected_waste,0.449549,0.035318,,,0.496666,0.015071000000000001,,
VALIDATE,distortion_new/20210905_164926.jpg,fallen_Trees,0.29854400000000003,0.026231,,,0.624139,0.013771,,
VALIDATE,distortion_new/20210905_165551(0).jpg,uncollected_waste,0.37468,0.093777,,,0.486573,0.049872,,
VALIDATE,distortion_new/20210905_170740(0).jpg,uncollected_waste,0.5059680000000001,0.121057,,,0.488491,0.053708000000000006,,
VALIDATE,distortion_new/20210905_165612.jpg,fallen_Trees,0.247629,0.02078,,,0.5700529999999999,0.008392,,
VALIDATE,distortion_new/20210905_170450.jpg,uncollected_waste,0.952046,0.09590800000000001,,,0.508951,0.035806,,
VALIDATE,distortion_new/20210905_170703.jpg,fallen_Trees,0.23891700000000002,0.47783400000000004,,,0.505115,0.304348,,
VALIDATE,distortion_new/20210905_165305.jpg,uncollected_waste,0.274084,0.202899,,,0.573529,0.101023,,
VALIDATE,distortion_new/20210905_165708.jpg,uncollected_waste,0.531543,0.093777,,,0.478261,0.030691000000000003,,
VALIDATE,distortion_new/20210905_165031.jpg,fallen_Trees,0.610827,0.10571199999999999,,,0.434783,0.07928400000000001,,
VALIDATE,distortion_new/20210905_165309.jpg,fallen_Trees,0.577342,0.03789,,,0.43786099999999994,0.01184,,
VALIDATE,distortion_new/20210905_165548.jpg,uncollected_waste,0.872549,0.250639,,,0.5319689999999999,0.076726,,
VALIDATE,distortion_new/20210905_164947.jpg,uncollected_waste,0.633845,0.192668,,,0.486573,0.042199,,
VALIDATE,distortion_new/20210905_165054.jpg,uncollected_waste,0.494885,0.204604,,,0.290281,0.143223,,
VALIDATE,distortion_new/20210905_165409.jpg,uncollected_waste,0.535806,0.21142399999999997,,,0.46867,0.031969,,
VALIDATE,distortion_new/20210905_165414.jpg,uncollected_waste,0.470046,0.048050999999999996,,,0.482058,0.014725,,
VALIDATE,distortion_new/20210905_165545.jpg,uncollected_waste,0.7719520000000001,0.25745999999999997,,,0.47953999999999997,0.104859,,
VALIDATE,distortion_new/20210905_165542.jpg,fallen_Trees,0.314152,0.109122,,,0.506394,0.048593,,
VALIDATE,distortion_new/20210905_165644.jpg,fallen_Trees,0.010443000000000001,0.020886000000000002,,,0.42711000000000005,0.043477999999999996,,
VALIDATE,distortion_new/20210905_164912(0).jpg,uncollected_waste,0.477835,0.153453,,,0.573529,0.070332,,
VALIDATE,distortion_new/20210905_164956.jpg,uncollected_waste,0.881074,0.230179,,,0.377877,0.101023,,
VALIDATE,distortion_new/20210905_164919.jpg,uncollected_waste,0.568597,0.12726800000000002,,,0.5743060000000001,0.03608,,
VALIDATE,distortion_new/20210905_170444.jpg,fallen_Trees,0.380648,0.102302,,,0.471228,0.044757,,
VALIDATE,distortion_new/20210905_164922.jpg,uncollected_waste,0.481245,0.081841,,,0.48593400000000003,0.038363,,
VALIDATE,distortion_new/20210905_165647.jpg,uncollected_waste,0.277494,0.2711,,,0.34718699999999997,0.167519,,
VALIDATE,distortion_new/20210905_164922.jpg,uncollected_waste,0.277494,0.066496,,,0.466113,0.026854000000000003,,
VALIDATE,distortion_new/20210905_164909.jpg,uncollected_waste,0.071185,0.134697,,,0.504476,0.054987,,
VALIDATE,distortion_new/20210905_170703(0).jpg,fallen_Trees,0.490622,0.080136,,,0.44756999999999997,0.051151,,
VALIDATE,distortion_new/20210905_164923(0).jpg,uncollected_waste,0.319693,0.047300999999999996,,,0.47458999999999996,0.016087999999999998,,
VALIDATE,distortion_new/20210905_165547(0).jpg,uncollected_waste,0.239983,0.202899,,,0.526215,0.11636800000000001,,
VALIDATE,distortion_new/20210905_165610(0).jpg,uncollected_waste,0.78133,0.231884,,,0.5722510000000001,0.144501,,
VALIDATE,distortion_new/20210905_164917.jpg,uncollected_waste,0.776262,0.10482799999999999,,,0.488775,0.04452,,
VALIDATE,distortion_new/20210905_165614.jpg,uncollected_waste,0.316709,0.21312899999999999,,,0.315857,0.12532000000000001,,
VALIDATE,distortion_new/20210905_165551(0).jpg,uncollected_waste,0.29283899999999996,0.097187,,,0.48977,0.051151,,
VALIDATE,distortion_new/20210905_165551(0).jpg,uncollected_waste,0.055626999999999996,0.11125299999999999,,,0.501918,0.06266000000000001,,
VALIDATE,distortion_new/20210905_165542(0).jpg,uncollected_waste,0.532396,0.173913,,,0.533887,0.060101999999999996,,
VALIDATE,distortion_new/20210905_164952.jpg,fallen_Trees,0.488917,0.236999,,,0.446292,0.13555,,
VALIDATE,distortion_new/20210905_164917.jpg,uncollected_waste,0.18201199999999998,0.117647,,,0.46930900000000003,0.035806,,
VALIDATE,distortion_new/20210905_165611.jpg,uncollected_waste,0.522165,0.238704,,,0.503197,0.05243,,
VALIDATE,distortion_new/20210905_164928.jpg,uncollected_waste,0.648338,0.177323,,,0.5153449999999999,0.099744,,
VALIDATE,distortion_new/20210905_165101.jpg,fallen_Trees,0.519608,0.25404899999999997,,,0.40601,0.08823500000000001,,
VALIDATE,distortion_new/20210905_164926.jpg,uncollected_waste,0.368057,0.173126,,,0.568562,0.063939,,
VALIDATE,distortion_new/20210905_165625.jpg,uncollected_waste,0.6027279999999999,0.07570299999999999,,,0.520205,0.021483000000000002,,
VALIDATE,distortion_new/20210905_165622.jpg,uncollected_waste,0.062447,0.124893,,,0.550512,0.170077,,
VALIDATE,distortion_new/20210905_165615.jpg,fallen_Trees,0.487212,0.2711,,,0.530691,0.327366,,
VALIDATE,distortion_new/20210905_164923(0).jpg,uncollected_waste,0.399169,0.094052,,,0.461596,0.022275,,
VALIDATE,distortion_new/20210905_165551.jpg,fallen_Trees,0.695226,0.223359,,,0.46930900000000003,0.11509000000000001,,
VALIDATE,distortion_new/20210905_165349.jpg,uncollected_waste,0.606564,0.172208,,,0.504476,0.085678,,
VALIDATE,distortion_new/20210905_170641.jpg,fallen_Trees,0.487212,0.349531,,,0.445013,0.21739099999999997,,
VALIDATE,distortion_new/20210905_165610.jpg,uncollected_waste,0.61464,0.095197,,,0.532644,0.029483,,
VALIDATE,distortion_new/20210905_164918.jpg,uncollected_waste,0.283461,0.075021,,,0.477621,0.042199,,
VALIDATE,distortion_new/20210905_165027.jpg,uncollected_waste,0.355072,0.136402,,,0.46930900000000003,0.023018,,
VALIDATE,distortion_new/20210905_165353.jpg,uncollected_waste,0.282609,0.10400699999999999,,,0.501918,0.037084,,
VALIDATE,distortion_new/20210905_170740(0).jpg,uncollected_waste,0.603154,0.127877,,,0.514066,0.063939,,
VALIDATE,distortion_new/20210905_170703.jpg,fallen_Trees,0.089727,0.179454,,,0.352941,0.12532000000000001,,
VALIDATE,distortion_new/20210905_165631(0).jpg,fallen_Trees,0.347857,0.04019,,,0.453507,0.012787999999999999,,
VALIDATE,distortion_new/20210905_164917.jpg,uncollected_waste,0.7011149999999999,0.090935,,,0.49114300000000005,0.041679,,
VALIDATE,distortion_new/20210905_165624.jpg,fallen_Trees,0.391731,0.046036,,,0.498721,0.02046,,
VALIDATE,distortion_new/20210905_170357.jpg,fallen_Trees,0.695226,0.482523,,,0.579284,0.237852,,
VALIDATE,distortion_new/20210905_164916.jpg,uncollected_waste,0.197357,0.141517,,,0.556905,0.101023,,
VALIDATE,distortion_new/20210905_165708.jpg,fallen_Trees,0.387468,0.081841,,,0.5006390000000001,0.044757,,
VALIDATE,distortion_new/20210905_164928.jpg,uncollected_waste,0.512788,0.21653899999999998,,,0.46803100000000003,0.150895,,
VALIDATE,distortion_new/20210905_164915.jpg,fallen_Trees,0.20503000000000002,0.064791,,,0.47953999999999997,0.035806,,
VALIDATE,distortion_new/20210905_165549.jpg,uncollected_waste,0.442882,0.100597,,,0.5102300000000001,0.043477999999999996,,
VALIDATE,distortion_new/20210905_164910.jpg,fallen_Trees,0.38661599999999996,0.144928,,,0.30306900000000003,0.12276199999999998,,
VALIDATE,distortion_new/20210905_170705.jpg,uncollected_waste,0.815121,0.121677,,,0.484771,0.039526,,
VALIDATE,distortion_new/20210905_165225.jpg,uncollected_waste,0.586104,0.086957,,,0.506394,0.076726,,
VALIDATE,distortion_new/20210905_170644.jpg,uncollected_waste,0.5315300000000001,0.081118,,,0.512284,0.044951,,
VALIDATE,distortion_new/20210905_165059.jpg,uncollected_waste,0.810679,0.137034,,,0.505115,0.024155000000000003,,
VALIDATE,distortion_new/20210905_165410(0).jpg,fallen_Trees,0.51705,0.064791,,,0.46163699999999996,0.038363,,
VALIDATE,distortion_new/20210905_164949.jpg,fallen_Trees,0.22549,0.21483400000000002,,,0.377238,0.140665,,
VALIDATE,distortion_new/20210905_165551(0).jpg,uncollected_waste,0.212702,0.09036699999999999,,,0.49360600000000004,0.040921,,
VALIDATE,distortion_new/20210905_165346.jpg,uncollected_waste,0.482097,0.18925799999999998,,,0.44821000000000005,0.11125299999999999,,
VALIDATE,distortion_new/20210905_164923.jpg,fallen_Trees,0.147059,0.119352,,,0.494885,0.081841,,
VALIDATE,distortion_new/20210905_164917.jpg,uncollected_waste,0.471567,0.094092,,,0.48025,0.029363999999999998,,
VALIDATE,distortion_new/20210905_165544(0).jpg,uncollected_waste,0.41730600000000007,0.363171,,,0.30306900000000003,0.109974,,
VALIDATE,distortion_new/20210905_165610.jpg,fallen_Trees,0.671948,0.026996,,,0.473146,0.015629,,
VALIDATE,distortion_new/20210905_164914.jpg,uncollected_waste,0.542626,0.119352,,,0.5319689999999999,0.038363,,
VALIDATE,distortion_new/20210905_165414.jpg,uncollected_waste,0.683433,0.058384000000000005,,,0.509378,0.023638,,
VALIDATE,distortion_new/20210905_164909.jpg,uncollected_waste,0.391731,0.131287,,,0.48977,0.053708000000000006,,
VALIDATE,distortion_new/20210905_170644.jpg,uncollected_waste,0.576481,0.070785,,,0.520422,0.043401,,
VALIDATE,distortion_new/20210905_165028.jpg,fallen_Trees,0.762575,0.136402,,,0.48273699999999997,0.06266000000000001,,
VALIDATE,distortion_new/20210905_165411.jpg,uncollected_waste,0.637255,0.12446700000000001,,,0.579923,0.07289,,
VALIDATE,distortion_new/20210905_165027.jpg,uncollected_waste,0.5682010000000001,0.119352,,,0.462916,0.038363,,
VALIDATE,distortion_new/20210905_165309.jpg,uncollected_waste,0.724164,0.12314100000000001,,,0.490196,0.035995,,
VALIDATE,distortion_new/20210905_165628(0).jpg,uncollected_waste,0.77451,0.231884,,,0.508312,0.11636800000000001,,
VALIDATE,distortion_new/20210905_165415.jpg,fallen_Trees,0.338875,0.148338,,,0.362532,0.118926,,
VALIDATE,distortion_new/20210905_164952.jpg,fallen_Trees,0.940111,0.119778,,,0.40601,0.090793,,
VALIDATE,distortion_new/20210905_164921.jpg,fallen_Trees,0.396846,0.455243,,,0.436061,0.21994899999999998,,
VALIDATE,distortion_new/20210905_165542(0).jpg,uncollected_waste,0.09399,0.18798,,,0.560102,0.112532,,
VALIDATE,distortion_new/20210905_164923.jpg,fallen_Trees,0.523018,0.056266,,,0.480179,0.039642000000000004,,
VALIDATE,distortion_new/20210905_165710.jpg,uncollected_waste,0.76741,0.084664,,,0.542817,0.034395,,
VALIDATE,distortion_new/20210905_170450.jpg,uncollected_waste,0.5332479999999999,0.161978,,,0.49104899999999996,0.02046,,
VALIDATE,distortion_new/20210905_170644.jpg,fallen_Trees,0.717017,0.038751,,,0.468883,0.01395,,
VALIDATE,distortion_new/20210905_165413.jpg,uncollected_waste,0.37127,0.097187,,,0.505115,0.089514,,
VALIDATE,distortion_new/20210905_165308.jpg,fallen_Trees,0.9083549999999999,0.093777,,,0.48593400000000003,0.074169,,
VALIDATE,distortion_new/20210905_170429.jpg,fallen_Trees,0.200767,0.20630900000000002,,,0.497442,0.07161100000000001,,
VALIDATE,distortion_new/20210905_165410(0).jpg,uncollected_waste,0.26129600000000003,0.129582,,,0.480818,0.081841,,
VALIDATE,distortion_new/20210905_170358.jpg,uncollected_waste,0.508525,0.24552399999999996,,,0.346547,0.199488,,
VALIDATE,distortion_new/20210905_165225.jpg,uncollected_waste,0.40707600000000005,0.20971900000000002,,,0.517263,0.08312,,
VALIDATE,distortion_new/20210905_170403.jpg,uncollected_waste,0.5741689999999999,0.08354600000000001,,,0.440537,0.034526999999999995,,
VALIDATE,distortion_new/20210905_164954.jpg,uncollected_waste,0.126598,0.238704,,,0.455243,0.102302,,
VALIDATE,distortion_new/20210905_165623.jpg,uncollected_waste,0.284014,0.052413999999999995,,,0.46627799999999997,0.017524,,
VALIDATE,distortion_new/20210905_164954.jpg,uncollected_waste,0.549446,0.170503,,,0.457801,0.102302,,
VALIDATE,distortion_new/20210905_170703.jpg,fallen_Trees,0.641517,0.225064,,,0.38491,0.097187,,
VALIDATE,distortion_new/20210905_164913.jpg,uncollected_waste,0.777067,0.12446700000000001,,,0.556905,0.047314999999999996,,
VALIDATE,distortion_new/20210905_170627.jpg,uncollected_waste,0.20162,0.112532,,,0.496803,0.039642000000000004,,
VALIDATE,distortion_new/20210905_165152(0).jpg,uncollected_waste,0.49318,0.075021,,,0.494246,0.024297,,
VALIDATE,distortion_new/20210905_165707.jpg,fallen_Trees,0.704604,0.371697,,,0.397059,0.057545000000000006,,
VALIDATE,distortion_new/20210905_170703(0).jpg,fallen_Trees,0.029199,0.058397000000000004,,,0.482097,0.048593,,
VALIDATE,distortion_new/20210905_164921.jpg,fallen_Trees,0.46845699999999996,0.43819300000000005,,,0.404731,0.085678,,
VALIDATE,distortion_new/20210905_165152.jpg,uncollected_waste,0.119778,0.225064,,,0.32864499999999996,0.16624,,
VALIDATE,distortion_new/20210905_170444.jpg,uncollected_waste,0.08376,0.167519,,,0.691176,0.10613800000000001,,
VALIDATE,distortion_new/20210905_170538.jpg,uncollected_waste,0.721654,0.170503,,,0.512788,0.048593,,
VALIDATE,distortion_new/20210905_165617.jpg,uncollected_waste,0.345695,0.09036699999999999,,,0.544118,0.08312,,
VALIDATE,distortion_new/20210905_165225.jpg,uncollected_waste,0.127451,0.080136,,,0.539642,0.048593,,
VALIDATE,distortion_new/20210905_165029.jpg,uncollected_waste,0.113811,0.15856800000000001,,,0.5191819999999999,0.081841,,
VALIDATE,distortion_new/20210905_165633.jpg,uncollected_waste,0.22208000000000003,0.296675,,,0.59335,0.11509000000000001,,
TRAIN,distortion_new/20210905_165625.jpg,uncollected_waste,0.297528,0.072293,,,0.501279,0.02046,,
TRAIN,distortion_new/20210905_165625.jpg,uncollected_waste,0.378346,0.059335,,,0.502558,0.019949,,
TRAIN,distortion_new/20210905_165625.jpg,uncollected_waste,0.780733,0.11525999999999999,,,0.547315,0.015345,,
TRAIN,distortion_new/20210905_165353.jpg,fallen_Trees,0.712276,0.121057,,,0.5332479999999999,0.030691000000000003,,
TRAIN,distortion_new/20210905_165353.jpg,fallen_Trees,0.64578,0.035806,,,0.5236569999999999,0.034526999999999995,,
TRAIN,distortion_new/20210905_165353.jpg,fallen_Trees,0.532396,0.057971,,,0.501918,0.031969,,
TRAIN,distortion_new/20210905_165353.jpg,uncollected_waste,0.36530300000000004,0.088662,,,0.494885,0.048593,,
TRAIN,distortion_new/20210905_164918.jpg,uncollected_waste,0.428389,0.078431,,,0.484655,0.035806,,
TRAIN,distortion_new/20210905_164918.jpg,fallen_Trees,0.514493,0.063086,,,0.487212,0.035806,,
TRAIN,distortion_new/20210905_165103.jpg,uncollected_waste,0.5826939999999999,0.080136,,,0.45971899999999993,0.031969,,
TRAIN,distortion_new/20210905_165103.jpg,uncollected_waste,0.6491899999999999,0.097187,,,0.446931,0.029412,,
TRAIN,distortion_new/20210905_165103.jpg,uncollected_waste,0.426684,0.112532,,,0.457161,0.034526999999999995,,
TRAIN,distortion_new/20210905_165103.jpg,uncollected_waste,0.346547,0.098892,,,0.45588199999999995,0.024297,,
TRAIN,distortion_new/20210905_165103.jpg,uncollected_waste,0.269821,0.102302,,,0.460358,0.025575,,
TRAIN,distortion_new/20210905_164909.jpg,uncollected_waste,0.173487,0.117647,,,0.49616400000000005,0.046036,,
TRAIN,distortion_new/20210905_164909.jpg,uncollected_waste,0.277494,0.127877,,,0.49552399999999996,0.039642000000000004,,
TRAIN,distortion_new/20210905_165551(0).jpg,uncollected_waste,0.125746,0.100597,,,0.49808199999999997,0.044757,,
TRAIN,distortion_new/20210905_165349(0).jpg,fallen_Trees,0.511083,0.063086,,,0.457161,0.037084,,
TRAIN,distortion_new/20210905_165349(0).jpg,fallen_Trees,0.9665389999999999,0.06692200000000001,,,0.45652200000000004,0.076726,,
TRAIN,distortion_new/20210905_170357.jpg,fallen_Trees,0.21525999999999998,0.36487600000000003,,,0.433504,0.14578,,
TRAIN,distortion_new/20210905_170357.jpg,fallen_Trees,0.442882,0.233589,,,0.403453,0.136829,,
TRAIN,distortion_new/20210905_170344.jpg,uncollected_waste,0.559431,0.035651,,,0.50744,0.010463,,
TRAIN,distortion_new/20210905_170344.jpg,uncollected_waste,0.600248,0.041851,,,0.5037590000000001,0.01395,,
TRAIN,distortion_new/20210905_170740(0).jpg,fallen_Trees,0.26300100000000004,0.180733,,,0.497442,0.074169,,
TRAIN,distortion_new/20210905_170740(0).jpg,fallen_Trees,0.036019,0.072038,,,0.492967,0.07289,,
TRAIN,distortion_new/20210905_170740(0).jpg,fallen_Trees,0.298806,0.078431,,,0.578005,0.038363,,
TRAIN,distortion_new/20210905_165345(0).jpg,uncollected_waste,0.256181,0.143223,,,0.48977,0.048593,,
TRAIN,distortion_new/20210905_165345(0).jpg,uncollected_waste,0.35763,0.13810699999999998,,,0.48273699999999997,0.044757,,
TRAIN,distortion_new/20210905_165345(0).jpg,uncollected_waste,0.46248900000000004,0.115942,,,0.475703,0.051151,,
TRAIN,distortion_new/20210905_165028.jpg,uncollected_waste,0.14535399999999998,0.14663299999999999,,,0.49040900000000004,0.067775,,
TRAIN,distortion_new/20210905_165028.jpg,uncollected_waste,0.251918,0.100597,,,0.48273699999999997,0.065217,,
TRAIN,distortion_new/20210905_165028.jpg,uncollected_waste,0.430094,0.088662,,,0.45843999999999996,0.021738999999999998,,
TRAIN,distortion_new/20210905_165028.jpg,fallen_Trees,0.631287,0.098892,,,0.488491,0.048593,,
TRAIN,distortion_new/20210905_165028.jpg,fallen_Trees,0.48977,0.102302,,,0.46930900000000003,0.043477999999999996,,
TRAIN,distortion_new/20210905_165028.jpg,uncollected_waste,0.643223,0.10571199999999999,,,0.446931,0.031969,,
TRAIN,distortion_new/20210905_165348.jpg,uncollected_waste,0.443734,0.19096300000000002,,,0.517903,0.168798,,
TRAIN,distortion_new/20210905_170415.jpg,uncollected_waste,0.5997439999999999,0.13810699999999998,,,0.5319689999999999,0.038363,,
TRAIN,distortion_new/20210905_164952.jpg,fallen_Trees,0.667945,0.20971900000000002,,,0.44245500000000004,0.168798,,
TRAIN,distortion_new/20210905_164952.jpg,fallen_Trees,0.059889,0.119778,,,0.329923,0.12276199999999998,,
TRAIN,distortion_new/20210905_170706.jpg,uncollected_waste,0.20503000000000002,0.31713600000000003,,,0.616368,0.171355,,
TRAIN,distortion_new/20210905_170706.jpg,uncollected_waste,0.099957,0.199914,,,0.544118,0.070332,,
TRAIN,distortion_new/20210905_170706.jpg,uncollected_waste,0.530691,0.139812,,,0.5428390000000001,0.06266000000000001,,
TRAIN,distortion_new/20210905_170706.jpg,uncollected_waste,0.422421,0.15856800000000001,,,0.560742,0.06266000000000001,,
TRAIN,distortion_new/20210905_165542(0).jpg,uncollected_waste,0.152813,0.305626,,,0.6150899999999999,0.16624,,
TRAIN,distortion_new/20210905_165542(0).jpg,uncollected_waste,0.320119,0.18925799999999998,,,0.597826,0.07289,,
TRAIN,distortion_new/20210905_170704.jpg,uncollected_waste,0.695226,0.25745999999999997,,,0.49040900000000004,0.101023,,
TRAIN,distortion_new/20210905_170704.jpg,uncollected_waste,0.541773,0.175618,,,0.5,0.09462899999999999,,
TRAIN,distortion_new/20210905_170629(0).jpg,uncollected_waste,0.419864,0.238704,,,0.41368299999999997,0.047314999999999996,,
TRAIN,distortion_new/20210905_170636.jpg,fallen_Trees,0.544331,0.41602700000000004,,,0.446292,0.179028,,
TRAIN,distortion_new/20210905_170636.jpg,fallen_Trees,0.595482,0.225064,,,0.403453,0.13938599999999998,,
TRAIN,distortion_new/20210905_170636.jpg,fallen_Trees,0.9202899999999999,0.15856800000000001,,,0.414322,0.074169,,
TRAIN,distortion_new/20210905_165644.jpg,fallen_Trees,0.40366599999999997,0.07331599999999999,,,0.420716,0.063939,,
TRAIN,distortion_new/20210905_165644.jpg,fallen_Trees,0.42753599999999997,0.086957,,,0.39897699999999997,0.046036,,
TRAIN,distortion_new/20210905_165307.jpg,uncollected_waste,0.35081,0.445013,,,0.497442,0.283887,,
TRAIN,distortion_new/20210905_165307.jpg,uncollected_waste,0.633845,0.18925799999999998,,,0.59399,0.129156,,
TRAIN,distortion_new/20210905_170405.jpg,uncollected_waste,0.47272,0.184143,,,0.535806,0.09462899999999999,,
TRAIN,distortion_new/20210905_170405.jpg,fallen_Trees,0.205882,0.042626,,,0.542199,0.030691000000000003,,
TRAIN,distortion_new/20210905_165631(0).jpg,fallen_Trees,0.467818,0.043844,,,0.454193,0.009590999999999999,,
TRAIN,distortion_new/20210905_170448.jpg,fallen_Trees,0.091645,0.056266,,,0.549233,0.019181999999999998,,
TRAIN,distortion_new/20210905_170448.jpg,fallen_Trees,0.561381,0.057971,,,0.46547299999999997,0.053708000000000006,,
TRAIN,distortion_new/20210905_165623.jpg,uncollected_waste,0.34148,0.043573,,,0.470778,0.018945,,
TRAIN,distortion_new/20210905_165623.jpg,uncollected_waste,0.833728,0.133876,,,0.496353,0.029363999999999998,,
TRAIN,distortion_new/20210905_165623.jpg,uncollected_waste,0.697641,0.107985,,,0.486407,0.033152999999999995,,
TRAIN,distortion_new/20210905_165623.jpg,uncollected_waste,0.528717,0.077042,,,0.487828,0.017998,,
TRAIN,distortion_new/20210905_170400(0).jpg,fallen_Trees,0.46163699999999996,0.13810699999999998,,,0.404731,0.05243,,
TRAIN,distortion_new/20210905_165029(0).jpg,uncollected_waste,0.495737,0.175618,,,0.559463,0.080563,,
TRAIN,distortion_new/20210905_165612.jpg,uncollected_waste,0.455962,0.078325,,,0.5482739999999999,0.03117,,
TRAIN,distortion_new/20210905_165612.jpg,uncollected_waste,0.361919,0.12681199999999998,,,0.533088,0.049552,,
TRAIN,distortion_new/20210905_165612.jpg,fallen_Trees,0.345935,0.029838,,,0.549872,0.017583,,
TRAIN,distortion_new/20210905_165612.jpg,fallen_Trees,0.266011,0.023444,,,0.577446,0.011988,,
TRAIN,distortion_new/20210905_165618.jpg,fallen_Trees,0.45350100000000004,0.040772,,,0.518459,0.015012000000000001,,
TRAIN,distortion_new/20210905_165618.jpg,fallen_Trees,0.696653,0.025945999999999997,,,0.521795,0.010564,,
TRAIN,distortion_new/20210905_165618.jpg,fallen_Trees,0.625857,0.02817,,,0.524575,0.011676,,
TRAIN,distortion_new/20210905_164954.jpg,uncollected_waste,0.809463,0.28815,,,0.48785200000000006,0.134271,,
TRAIN,distortion_new/20210905_164954.jpg,uncollected_waste,0.637255,0.21312899999999999,,,0.49936099999999994,0.085678,,
TRAIN,distortion_new/20210905_164954.jpg,uncollected_waste,0.41133800000000004,0.231884,,,0.421995,0.099744,,
TRAIN,distortion_new/20210905_164910.jpg,fallen_Trees,0.283461,0.136402,,,0.33311999999999997,0.101023,,
TRAIN,distortion_new/20210905_164910.jpg,fallen_Trees,0.495737,0.236999,,,0.339514,0.144501,,
TRAIN,distortion_new/20210905_164910.jpg,fallen_Trees,0.739557,0.462063,,,0.396419,0.130435,,
TRAIN,distortion_new/20210905_164910.jpg,fallen_Trees,0.854859,0.290281,,,0.494246,0.244246,,
TRAIN,distortion_new/20210905_165542.jpg,uncollected_waste,0.047101,0.094202,,,0.517263,0.07800499999999999,,
TRAIN,distortion_new/20210905_165542.jpg,uncollected_waste,0.123188,0.109122,,,0.539003,0.065217,,
TRAIN,distortion_new/20210905_165542.jpg,uncollected_waste,0.206735,0.09548200000000001,,,0.538363,0.058824,,
TRAIN,distortion_new/20210905_165542.jpg,fallen_Trees,0.619352,0.150043,,,0.519821,0.057545000000000006,,
TRAIN,distortion_new/20210905_165542.jpg,fallen_Trees,0.460784,0.07161100000000001,,,0.5076729999999999,0.046036,,
TRAIN,distortion_new/20210905_164912(0).jpg,uncollected_waste,0.220375,0.286445,,,0.546036,0.066496,,
TRAIN,distortion_new/20210905_164912(0).jpg,uncollected_waste,0.359335,0.134697,,,0.561381,0.07161100000000001,,
TRAIN,distortion_new/20210905_170343.jpg,uncollected_waste,0.480392,0.240409,,,0.509591,0.108696,,
TRAIN,distortion_new/20210905_170343.jpg,uncollected_waste,0.9026,0.1948,,,0.554348,0.09590800000000001,,
TRAIN,distortion_new/20210905_165320.jpg,uncollected_waste,0.438619,0.085251,,,0.478261,0.038363,,
TRAIN,distortion_new/20210905_170703(0).jpg,fallen_Trees,0.46504700000000004,0.086957,,,0.464834,0.060101999999999996,,
TRAIN,distortion_new/20210905_164915(0).jpg,uncollected_waste,0.07267699999999999,0.14535399999999998,,,0.508312,0.170077,,
TRAIN,distortion_new/20210905_164915(0).jpg,uncollected_waste,0.08823500000000001,0.161978,,,0.436061,0.086957,,
TRAIN,distortion_new/20210905_164915(0).jpg,uncollected_waste,0.283461,0.177323,,,0.502558,0.09462899999999999,,
TRAIN,distortion_new/20210905_170338.jpg,fallen_Trees,0.5247229999999999,0.063086,,,0.450128,0.030691000000000003,,
TRAIN,distortion_new/20210905_170338.jpg,fallen_Trees,0.9586530000000001,0.081841,,,0.45396400000000003,0.076726,,
TRAIN,distortion_new/20210905_170426.jpg,fallen_Trees,0.315004,0.080136,,,0.48977,0.051151,,
TRAIN,distortion_new/20210905_170426.jpg,fallen_Trees,0.393436,0.066496,,,0.504476,0.060101999999999996,,
TRAIN,distortion_new/20210905_170426.jpg,fallen_Trees,0.532396,0.09548200000000001,,,0.477621,0.067775,,
TRAIN,distortion_new/20210905_165345.jpg,fallen_Trees,0.553708,0.07331599999999999,,,0.486573,0.024297,,
TRAIN,distortion_new/20210905_165345.jpg,uncollected_waste,0.406223,0.081841,,,0.470588,0.023018,,
TRAIN,distortion_new/20210905_165624(0).jpg,uncollected_waste,0.11018800000000001,0.220375,,,0.5236569999999999,0.06266000000000001,,
TRAIN,distortion_new/20210905_165624(0).jpg,uncollected_waste,0.368713,0.112532,,,0.480818,0.051151,,
TRAIN,distortion_new/20210905_170401.jpg,uncollected_waste,0.477835,0.07161100000000001,,,0.484015,0.044757,,
TRAIN,distortion_new/20210905_164926.jpg,fallen_Trees,0.334284,0.033444999999999996,,,0.634468,0.019673,,
TRAIN,distortion_new/20210905_164919.jpg,uncollected_waste,0.431281,0.082816,,,0.555353,0.039277,,
TRAIN,distortion_new/20210905_164919.jpg,uncollected_waste,0.594781,0.121179,,,0.5252100000000001,0.046584,,
TRAIN,distortion_new/20210905_164919.jpg,fallen_Trees,0.24159699999999998,0.077335,,,0.62363,0.047041,,
TRAIN,distortion_new/20210905_164919.jpg,uncollected_waste,0.309798,0.18938,,,0.563345,0.03882,,
TRAIN,distortion_new/20210905_165308.jpg,fallen_Trees,0.46163699999999996,0.05285599999999999,,,0.48337600000000003,0.038363,,
TRAIN,distortion_new/20210905_165308.jpg,fallen_Trees,0.929668,0.112532,,,0.46867,0.060101999999999996,,
TRAIN,distortion_new/20210905_165413.jpg,uncollected_waste,0.121483,0.22847399999999998,,,0.6093350000000001,0.09335,,
TRAIN,distortion_new/20210905_164926(0).jpg,fallen_Trees,0.5767260000000001,0.068201,,,0.47250600000000004,0.06266000000000001,,
TRAIN,distortion_new/20210905_164926(0).jpg,fallen_Trees,0.509378,0.049446,,,0.49104899999999996,0.023018,,
TRAIN,distortion_new/20210905_164953.jpg,fallen_Trees,0.063512,0.081841,,,0.436061,0.043477999999999996,,
TRAIN,distortion_new/20210905_165419.jpg,uncollected_waste,0.084612,0.169224,,,0.466113,0.13938599999999998,,
TRAIN,distortion_new/20210905_165419.jpg,uncollected_waste,0.78474,0.21142399999999997,,,0.504476,0.113811,,
TRAIN,distortion_new/20210905_165419.jpg,uncollected_waste,0.913683,0.17263399999999998,,,0.546675,0.098465,,
TRAIN,distortion_new/20210905_170451(0).jpg,uncollected_waste,0.425263,0.026144,,,0.473146,0.014493,,
TRAIN,distortion_new/20210905_170451(0).jpg,uncollected_waste,0.528986,0.041489,,,0.46845699999999996,0.01023,,
TRAIN,distortion_new/20210905_165614.jpg,uncollected_waste,0.122975,0.24595,,,0.346547,0.132992,,
TRAIN,distortion_new/20210905_165614.jpg,uncollected_waste,0.490622,0.226769,,,0.319054,0.129156,,
TRAIN,distortion_new/20210905_165614.jpg,uncollected_waste,0.641517,0.221654,,,0.329284,0.182864,,
TRAIN,distortion_new/20210905_165614.jpg,uncollected_waste,0.806905,0.279625,,,0.310742,0.16624,,
TRAIN,distortion_new/20210905_165616.jpg,uncollected_waste,0.22378499999999998,0.279625,,,0.35422,0.14578,,
TRAIN,distortion_new/20210905_165616.jpg,uncollected_waste,0.394288,0.170503,,,0.374041,0.12404100000000001,,
TRAIN,distortion_new/20210905_165012.jpg,uncollected_waste,0.044663999999999995,0.044479000000000005,,,0.496497,0.021128,,
TRAIN,distortion_new/20210905_165012.jpg,uncollected_waste,0.8819819999999999,0.15790099999999999,,,0.513177,0.037807,,
TRAIN,distortion_new/20210905_165012.jpg,uncollected_waste,0.285963,0.07339,,,0.507339,0.025019,,
TRAIN,distortion_new/20210905_170641.jpg,fallen_Trees,0.8657290000000001,0.063086,,,0.556266,0.030691000000000003,,
TRAIN,distortion_new/20210905_170641.jpg,fallen_Trees,0.673061,0.223359,,,0.41368299999999997,0.147059,,
TRAIN,distortion_new/20210905_165633.jpg,uncollected_waste,0.375533,0.16709300000000002,,,0.538363,0.097187,,
TRAIN,distortion_new/20210905_165633.jpg,uncollected_waste,0.14109100000000002,0.21994899999999998,,,0.6304350000000001,0.063939,,
TRAIN,distortion_new/20210905_165628.jpg,uncollected_waste,0.435209,0.068201,,,0.469949,0.034526999999999995,,
TRAIN,distortion_new/20210905_170403.jpg,uncollected_waste,0.6261720000000001,0.10571199999999999,,,0.42711000000000005,0.040921,,
TRAIN,distortion_new/20210905_170403.jpg,uncollected_waste,0.39002600000000004,0.08354600000000001,,,0.44565200000000005,0.029412,,
TRAIN,distortion_new/20210905_170403.jpg,uncollected_waste,0.273231,0.09548200000000001,,,0.457801,0.038363,,
TRAIN,distortion_new/20210905_170403.jpg,uncollected_waste,0.21185,0.081841,,,0.45971899999999993,0.039642000000000004,,
TRAIN,distortion_new/20210905_165643(0).jpg,fallen_Trees,0.579284,0.076726,,,0.425192,0.05243,,
TRAIN,distortion_new/20210905_165643(0).jpg,fallen_Trees,0.280904,0.066496,,,0.426471,0.034526999999999995,,
TRAIN,distortion_new/20210905_165643(0).jpg,fallen_Trees,0.620205,0.080136,,,0.412404,0.049872,,
TRAIN,distortion_new/20210905_165310.jpg,uncollected_waste,0.084612,0.169224,,,0.487212,0.051151,,
TRAIN,distortion_new/20210905_165310.jpg,uncollected_waste,0.220375,0.136402,,,0.469949,0.044757,,
TRAIN,distortion_new/20210905_165310.jpg,uncollected_waste,0.40281300000000003,0.098892,,,0.463555,0.039642000000000004,,
TRAIN,distortion_new/20210905_165310.jpg,uncollected_waste,0.5017050000000001,0.112532,,,0.452046,0.049872,,
TRAIN,distortion_new/20210905_165310.jpg,uncollected_waste,0.5724640000000001,0.069906,,,0.441816,0.031969,,
TRAIN,distortion_new/20210905_165543.jpg,fallen_Trees,0.119565,0.23913,,,0.38491,0.150895,,
TRAIN,distortion_new/20210905_165543.jpg,fallen_Trees,0.043691,0.087382,,,0.484015,0.170077,,
TRAIN,distortion_new/20210905_165543.jpg,fallen_Trees,0.529838,0.199488,,,0.367008,0.13810699999999998,,
TRAIN,distortion_new/20210905_165543.jpg,fallen_Trees,0.834399,0.331202,,,0.547315,0.196931,,
TRAIN,distortion_new/20210905_165543.jpg,fallen_Trees,0.66283,0.121057,,,0.411125,0.157289,,
TRAIN,distortion_new/20210905_165309.jpg,fallen_Trees,0.39768200000000004,0.044836,,,0.415838,0.018945,,
TRAIN,distortion_new/20210905_165309.jpg,uncollected_waste,0.603549,0.083989,,,0.46485699999999996,0.027944,,
TRAIN,distortion_new/20210905_165309.jpg,uncollected_waste,0.48230200000000006,0.091566,,,0.43194099999999996,0.031258999999999995,,
TRAIN,distortion_new/20210905_165621.jpg,uncollected_waste,0.663683,0.075021,,,0.46547299999999997,0.038363,,
TRAIN,distortion_new/20210905_165621.jpg,uncollected_waste,0.601449,0.076726,,,0.463555,0.021738999999999998,,
TRAIN,distortion_new/20210905_164920.jpg,uncollected_waste,0.734442,0.26087,,,0.43798000000000004,0.129156,,
TRAIN,distortion_new/20210905_170705.jpg,uncollected_waste,0.5512279999999999,0.105402,,,0.508312,0.036619,,
TRAIN,distortion_new/20210905_170705.jpg,uncollected_waste,0.667093,0.121677,,,0.492037,0.047082,,
TRAIN,distortion_new/20210905_170705.jpg,uncollected_waste,0.845734,0.139502,,,0.49436199999999997,0.024994,,
TRAIN,distortion_new/20210905_170449.jpg,uncollected_waste,0.425817,0.041156,,,0.431255,0.014111000000000002,,
TRAIN,distortion_new/20210905_170449.jpg,uncollected_waste,0.6945060000000001,0.058794000000000006,,,0.44668800000000003,0.020284,,
TRAIN,distortion_new/20210905_165647.jpg,uncollected_waste,0.098465,0.196078,,,0.414962,0.251918,,
TRAIN,distortion_new/20210905_170447.jpg,fallen_Trees,0.690761,0.033202999999999996,,,0.647799,0.012787999999999999,,
TRAIN,distortion_new/20210905_164950.jpg,fallen_Trees,0.545986,0.068703,,,0.5258010000000001,0.037611,,
TRAIN,distortion_new/20210905_164950.jpg,fallen_Trees,0.5958829999999999,0.049145,,,0.5271170000000001,0.024447,,
TRAIN,distortion_new/20210905_164950.jpg,fallen_Trees,0.789203,0.054661,,,0.522416,0.015797,,
TRAIN,distortion_new/20210905_164950.jpg,uncollected_waste,0.681134,0.10029600000000001,,,0.538589,0.039115,,
TRAIN,distortion_new/20210905_164950.jpg,uncollected_waste,0.7520939999999999,0.066697,,,0.549496,0.049645999999999996,,
TRAIN,distortion_new/20210905_165223.jpg,uncollected_waste,0.48699899999999996,0.043235,,,0.49598100000000006,0.012787999999999999,,
TRAIN,distortion_new/20210905_165223.jpg,uncollected_waste,0.557636,0.055413,,,0.49369700000000005,0.010961,,
TRAIN,distortion_new/20210905_165631.jpg,uncollected_waste,0.47016199999999997,0.069906,,,0.514706,0.026854000000000003,,
TRAIN,distortion_new/20210905_165631.jpg,uncollected_waste,0.538363,0.076726,,,0.516624,0.035806,,
TRAIN,distortion_new/20210905_165222.jpg,uncollected_waste,0.164962,0.315431,,,0.34399,0.10741700000000001,,
TRAIN,distortion_new/20210905_165222.jpg,uncollected_waste,0.48550699999999997,0.21653899999999998,,,0.349744,0.170077,,
TRAIN,distortion_new/20210905_165222.jpg,uncollected_waste,0.637255,0.26769,,,0.33248099999999997,0.163683,,
TRAIN,distortion_new/20210905_170633.jpg,fallen_Trees,0.575021,0.054561,,,0.473146,0.053708000000000006,,
TRAIN,distortion_new/20210905_165350.jpg,uncollected_waste,0.603154,0.26769,,,0.494246,0.049872,,
TRAIN,distortion_new/20210905_165350.jpg,uncollected_waste,0.7685420000000001,0.134697,,,0.501279,0.033248,,
TRAIN,distortion_new/20210905_165350.jpg,uncollected_waste,0.030904,0.06180700000000001,,,0.564578,0.10613800000000001,,
TRAIN,distortion_new/20210905_170734.jpg,uncollected_waste,0.39514099999999996,0.165388,,,0.501279,0.07161100000000001,,
TRAIN,distortion_new/20210905_170734.jpg,uncollected_waste,0.5068199999999999,0.14663299999999999,,,0.507033,0.057545000000000006,,
TRAIN,distortion_new/20210905_170734.jpg,uncollected_waste,0.6236149999999999,0.13810699999999998,,,0.5134270000000001,0.05243,,
TRAIN,distortion_new/20210905_170734.jpg,uncollected_waste,0.7139810000000001,0.148338,,,0.516624,0.038363,,
TRAIN,distortion_new/20210905_164925.jpg,fallen_Trees,0.5605289999999999,0.059676,,,0.588875,0.037084,,
TRAIN,distortion_new/20210905_165629.jpg,uncollected_waste,0.562508,0.033492,,,0.426562,0.016441,,
TRAIN,distortion_new/20210905_165054.jpg,uncollected_waste,0.154731,0.30861,,,0.310102,0.152174,,
TRAIN,distortion_new/20210905_165054.jpg,uncollected_waste,0.228048,0.230179,,,0.28836300000000004,0.134271,,
TRAIN,distortion_new/20210905_165626(0).jpg,uncollected_waste,0.13597599999999999,0.26428,,,0.38491,0.143223,,
TRAIN,distortion_new/20210905_165626(0).jpg,uncollected_waste,0.300512,0.21142399999999997,,,0.423274,0.16624,,
TRAIN,distortion_new/20210905_165626(0).jpg,uncollected_waste,0.446292,0.20630900000000002,,,0.48785200000000006,0.182864,,
TRAIN,distortion_new/20210905_170444.jpg,uncollected_waste,0.352515,0.155158,,,0.618286,0.08823500000000001,,
TRAIN,distortion_new/20210905_170444.jpg,uncollected_waste,0.25959099999999996,0.194373,,,0.566496,0.09462899999999999,,
TRAIN,distortion_new/20210905_170444.jpg,uncollected_waste,0.085678,0.143223,,,0.554348,0.113811,,
TRAIN,distortion_new/20210905_170444.jpg,uncollected_waste,0.534101,0.12276199999999998,,,0.539003,0.08312,,
TRAIN,distortion_new/20210905_170444.jpg,uncollected_waste,0.677323,0.156863,,,0.5236569999999999,0.075448,,
TRAIN,distortion_new/20210905_170444.jpg,uncollected_waste,0.23571999999999999,0.153453,,,0.523018,0.081841,,
TRAIN,distortion_new/20210905_170444.jpg,fallen_Trees,0.471867,0.069906,,,0.487212,0.048593,,
TRAIN,distortion_new/20210905_164955.jpg,uncollected_waste,0.332287,0.062776,,,0.462392,0.021507,,
TRAIN,distortion_new/20210905_164955.jpg,uncollected_waste,0.274549,0.035651,,,0.45832399999999995,0.019181999999999998,,
TRAIN,distortion_new/20210905_170358.jpg,uncollected_waste,0.11125299999999999,0.19096300000000002,,,0.328005,0.131714,,
TRAIN,distortion_new/20210905_170358.jpg,uncollected_waste,0.269821,0.24893400000000002,,,0.371483,0.149616,,
TRAIN,distortion_new/20210905_170358.jpg,uncollected_waste,0.317562,0.279625,,,0.326726,0.147059,,
TRAIN,distortion_new/20210905_165544(0).jpg,uncollected_waste,0.816283,0.32566100000000003,,,0.31201999999999996,0.18925799999999998,,
TRAIN,distortion_new/20210905_165544(0).jpg,uncollected_waste,0.140878,0.281756,,,0.342711,0.171355,,
TRAIN,distortion_new/20210905_165601.jpg,uncollected_waste,0.074382,0.148764,,,0.448849,0.24552399999999996,,
TRAIN,distortion_new/20210905_165601.jpg,uncollected_waste,0.18798,0.173913,,,0.407928,0.171355,,
TRAIN,distortion_new/20210905_165601.jpg,uncollected_waste,0.36956500000000003,0.247229,,,0.387468,0.168798,,
TRAIN,distortion_new/20210905_165601.jpg,uncollected_waste,0.800938,0.36999099999999996,,,0.368286,0.127877,,
TRAIN,distortion_new/20210905_170629.jpg,uncollected_waste,0.10933499999999999,0.21866999999999998,,,0.362532,0.147059,,
TRAIN,distortion_new/20210905_170629.jpg,uncollected_waste,0.39514099999999996,0.202899,,,0.36445,0.161125,,
TRAIN,distortion_new/20210905_170629.jpg,uncollected_waste,0.556266,0.19096300000000002,,,0.338875,0.14578,,
TRAIN,distortion_new/20210905_170629.jpg,uncollected_waste,0.713129,0.218244,,,0.349744,0.129156,,
TRAIN,distortion_new/20210905_170629.jpg,uncollected_waste,0.8708440000000001,0.196078,,,0.326726,0.131714,,
TRAIN,distortion_new/20210905_170423.jpg,fallen_Trees,0.596334,0.380222,,,0.38107399999999997,0.230179,,
TRAIN,distortion_new/20210905_170423.jpg,fallen_Trees,0.377238,0.129582,,,0.268542,0.09462899999999999,,
TRAIN,distortion_new/20210905_165028(0).jpg,fallen_Trees,0.5161979999999999,0.09036699999999999,,,0.501279,0.06905399999999999,,
TRAIN,distortion_new/20210905_165028(0).jpg,fallen_Trees,0.408781,0.022165,,,0.5191819999999999,0.015345,,
TRAIN,distortion_new/20210905_165541.jpg,uncollected_waste,0.353794,0.140191,,,0.5382680000000001,0.055413,,
TRAIN,distortion_new/20210905_165027(0).jpg,fallen_Trees,0.546888,0.07331599999999999,,,0.48913,0.019181999999999998,,
TRAIN,distortion_new/20210905_165027(0).jpg,uncollected_waste,0.284314,0.066496,,,0.46099700000000005,0.026854000000000003,,
TRAIN,distortion_new/20210905_165707.jpg,fallen_Trees,0.8667950000000001,0.26641,,,0.5153449999999999,0.18925799999999998,,
TRAIN,distortion_new/20210905_164920(0).jpg,uncollected_waste,0.255602,0.07977100000000001,,,0.49072899999999997,0.023292,,
TRAIN,distortion_new/20210905_164920(0).jpg,uncollected_waste,0.335982,0.05176,,,0.49392600000000003,0.019638,,
TRAIN,distortion_new/20210905_164920(0).jpg,uncollected_waste,0.405706,0.079162,,,0.49209899999999995,0.022379,,
TRAIN,distortion_new/20210905_164920(0).jpg,uncollected_waste,0.49552399999999996,0.104129,,,0.502832,0.027402,,
TRAIN,distortion_new/20210905_164920(0).jpg,uncollected_waste,0.6288819999999999,0.130922,,,0.504887,0.033339,,
TRAIN,distortion_new/20210905_170540.jpg,uncollected_waste,0.49425600000000003,0.073885,,,0.498721,0.037754,,
TRAIN,distortion_new/20210905_165628(0).jpg,uncollected_waste,0.6236149999999999,0.247229,,,0.45076700000000003,0.12404100000000001,,
TRAIN,distortion_new/20210905_165628(0).jpg,uncollected_waste,0.9100600000000001,0.148338,,,0.560742,0.07289,,
TRAIN,distortion_new/20210905_165710.jpg,fallen_Trees,0.45550799999999997,0.034689,,,0.497619,0.020725,,
TRAIN,distortion_new/20210905_165710.jpg,uncollected_waste,0.543111,0.104066,,,0.507981,0.042332,,
TRAIN,distortion_new/20210905_165710.jpg,uncollected_waste,0.5960260000000001,0.033513,,,0.515698,0.037481,,
TRAIN,distortion_new/20210905_165710.jpg,uncollected_waste,0.652174,0.08819099999999999,,,0.527163,0.022489,,
TRAIN,distortion_new/20210905_164949(0).jpg,fallen_Trees,0.151321,0.076726,,,0.427749,0.034526999999999995,,
TRAIN,distortion_new/20210905_164949(0).jpg,fallen_Trees,0.5,0.068201,,,0.423913,0.054987,,
TRAIN,distortion_new/20210905_164949(0).jpg,fallen_Trees,0.536658,0.066496,,,0.414322,0.043477999999999996,,
TRAIN,distortion_new/20210905_165346.jpg,uncollected_waste,0.140026,0.280051,,,0.40920700000000004,0.12020499999999999,,
TRAIN,distortion_new/20210905_165346.jpg,uncollected_waste,0.34313699999999997,0.242114,,,0.44756999999999997,0.104859,,
TRAIN,distortion_new/20210905_165346.jpg,uncollected_waste,0.629582,0.218244,,,0.486573,0.12404100000000001,,
TRAIN,distortion_new/20210905_164951.jpg,fallen_Trees,0.791773,0.416454,,,0.5,0.194373,,
TRAIN,distortion_new/20210905_164951.jpg,fallen_Trees,0.898338,0.203324,,,0.5236569999999999,0.118926,,
TRAIN,distortion_new/20210905_164951.jpg,fallen_Trees,0.664535,0.26087,,,0.45652200000000004,0.18925799999999998,,
TRAIN,distortion_new/20210905_164951.jpg,fallen_Trees,0.442882,0.349531,,,0.400256,0.130435,,
TRAIN,distortion_new/20210905_164951.jpg,fallen_Trees,0.199062,0.199488,,,0.352302,0.159847,,
TRAIN,distortion_new/20210905_164917.jpg,uncollected_waste,0.307332,0.115942,,,0.46867,0.039642000000000004,,
TRAIN,distortion_new/20210905_164917.jpg,uncollected_waste,0.40084000000000003,0.090303,,,0.47433000000000003,0.025102,,
TRAIN,distortion_new/20210905_164917.jpg,uncollected_waste,0.541663,0.102933,,,0.48285500000000003,0.039310000000000005,,
TRAIN,distortion_new/20210905_164917.jpg,uncollected_waste,0.6196520000000001,0.09725,,,0.487354,0.035048,,
TRAIN,distortion_new/20210905_164917.jpg,uncollected_waste,0.833412,0.0802,,,0.491854,0.055413,,
TRAIN,distortion_new/20210905_170635.jpg,uncollected_waste,0.552856,0.102302,,,0.563299,0.05243,,
TRAIN,distortion_new/20210905_165420.jpg,fallen_Trees,0.37468,0.516624,,,0.556905,0.24168800000000001,,
TRAIN,distortion_new/20210905_165420.jpg,fallen_Trees,0.11871300000000001,0.237425,,,0.39002600000000004,0.168798,,
TRAIN,distortion_new/20210905_165420.jpg,fallen_Trees,0.076939,0.153878,,,0.342711,0.104859,,
TRAIN,distortion_new/20210905_165420.jpg,fallen_Trees,0.245098,0.21312899999999999,,,0.41879799999999995,0.134271,,
TRAIN,distortion_new/20210905_165420.jpg,fallen_Trees,0.5247229999999999,0.18925799999999998,,,0.44565200000000005,0.152174,,
TRAIN,distortion_new/20210905_164928.jpg,uncollected_waste,0.783035,0.218244,,,0.55179,0.10358099999999999,,
TRAIN,distortion_new/20210905_164928.jpg,uncollected_waste,0.90665,0.175618,,,0.595908,0.09462899999999999,,
TRAIN,distortion_new/20210905_170731.jpg,fallen_Trees,0.439471,0.161978,,,0.474425,0.053708000000000006,,
TRAIN,distortion_new/20210905_165415.jpg,fallen_Trees,0.881287,0.237425,,,0.440537,0.14194400000000001,,
TRAIN,distortion_new/20210905_165415.jpg,fallen_Trees,0.47527700000000006,0.179028,,,0.379795,0.143223,,
TRAIN,distortion_new/20210905_170644.jpg,fallen_Trees,0.672841,0.100235,,,0.542122,0.0248,,
TRAIN,distortion_new/20210905_170644.jpg,fallen_Trees,0.44447,0.037201,,,0.498334,0.01705,,
TRAIN,distortion_new/20210905_165600.jpg,uncollected_waste,0.474425,0.21142399999999997,,,0.436061,0.035806,,
TRAIN,distortion_new/20210905_170400.jpg,uncollected_waste,0.050512,0.101023,,,0.462916,0.074169,,
TRAIN,distortion_new/20210905_170400.jpg,uncollected_waste,0.12233599999999999,0.100597,,,0.463555,0.067775,,
TRAIN,distortion_new/20210905_170400.jpg,uncollected_waste,0.203325,0.112532,,,0.46419399999999994,0.058824,,
TRAIN,distortion_new/20210905_170400.jpg,uncollected_waste,0.297101,0.132992,,,0.469949,0.060101999999999996,,
TRAIN,distortion_new/20210905_170400.jpg,uncollected_waste,0.384058,0.119352,,,0.460358,0.06138099999999999,,
TRAIN,distortion_new/20210905_164956.jpg,uncollected_waste,0.392583,0.201194,,,0.337596,0.12020499999999999,,
TRAIN,distortion_new/20210905_164956.jpg,uncollected_waste,0.257033,0.161978,,,0.337596,0.099744,,
TRAIN,distortion_new/20210905_164956.jpg,uncollected_waste,0.538363,0.168798,,,0.344629,0.118926,,
TRAIN,distortion_new/20210905_164956.jpg,uncollected_waste,0.6969310000000001,0.202899,,,0.335038,0.130435,,
TRAIN,distortion_new/20210905_165000.jpg,uncollected_waste,0.495924,0.09324400000000001,,,0.47454399999999997,0.017983000000000002,,
TRAIN,distortion_new/20210905_165000.jpg,uncollected_waste,0.546808,0.068201,,,0.49232700000000007,0.013587,,
TRAIN,distortion_new/20210905_165000.jpg,uncollected_waste,0.408275,0.060742,,,0.486933,0.00999,,
TRAIN,distortion_new/20210905_164923(0).jpg,uncollected_waste,0.522922,0.054451,,,0.49748400000000004,0.02145,,
TRAIN,distortion_new/20210905_164923(0).jpg,fallen_Trees,0.468471,0.032451,,,0.481808,0.01485,,
TRAIN,distortion_new/20210905_164923(0).jpg,fallen_Trees,0.394219,0.078651,,,0.48490200000000006,0.008662999999999999,,
TRAIN,distortion_new/20210905_164923(0).jpg,fallen_Trees,0.24901700000000002,0.055550999999999996,,,0.47211499999999995,0.009488,,
TRAIN,distortion_new/20210905_164924.jpg,uncollected_waste,0.349957,0.194373,,,0.36572899999999997,0.092072,,
TRAIN,distortion_new/20210905_164924.jpg,uncollected_waste,0.555413,0.26428,,,0.37468,0.109974,,
TRAIN,distortion_new/20210905_164924.jpg,uncollected_waste,0.732737,0.168798,,,0.372123,0.13810699999999998,,
TRAIN,distortion_new/20210905_165613.jpg,uncollected_waste,0.65942,0.10400699999999999,,,0.55179,0.029412,,
TRAIN,distortion_new/20210905_165613.jpg,uncollected_waste,0.499147,0.066496,,,0.536445,0.026854000000000003,,
TRAIN,distortion_new/20210905_164915.jpg,fallen_Trees,0.312447,0.075021,,,0.476343,0.031969,,
TRAIN,distortion_new/20210905_164915.jpg,uncollected_waste,0.373828,0.33418600000000004,,,0.601023,0.089514,,
TRAIN,distortion_new/20210905_164916.jpg,uncollected_waste,0.14535399999999998,0.283035,,,0.641304,0.10358099999999999,,
TRAIN,distortion_new/20210905_164916.jpg,uncollected_waste,0.395993,0.201194,,,0.591432,0.11125299999999999,,
TRAIN,distortion_new/20210905_164916.jpg,uncollected_waste,0.5068199999999999,0.19096300000000002,,,0.5428390000000001,0.101023,,
TRAIN,distortion_new/20210905_164916.jpg,uncollected_waste,0.307332,0.139812,,,0.530691,0.076726,,
TRAIN,distortion_new/20210905_164916.jpg,fallen_Trees,0.52046,0.07161100000000001,,,0.473146,0.033248,,
TRAIN,distortion_new/20210905_164916.jpg,fallen_Trees,0.433504,0.075021,,,0.463555,0.042199,,
TRAIN,distortion_new/20210905_170450.jpg,uncollected_waste,0.760017,0.09036699999999999,,,0.47953999999999997,0.025575,,
TRAIN,distortion_new/20210905_170450.jpg,uncollected_waste,0.6261720000000001,0.037511,,,0.494885,0.030691000000000003,,
TRAIN,distortion_new/20210905_170450.jpg,uncollected_waste,0.526428,0.066496,,,0.48977,0.028133,,
TRAIN,distortion_new/20210905_170450.jpg,uncollected_waste,0.329497,0.07161100000000001,,,0.501279,0.028133,,
TRAIN,distortion_new/20210905_170450.jpg,uncollected_waste,0.673061,0.046036,,,0.48529399999999995,0.034526999999999995,,
TRAIN,distortion_new/20210905_165615.jpg,fallen_Trees,0.18606099999999998,0.37212199999999995,,,0.449488,0.22378499999999998,,
TRAIN,distortion_new/20210905_165615.jpg,fallen_Trees,0.598039,0.39727199999999996,,,0.545396,0.277494,,
TRAIN,distortion_new/20210905_165615.jpg,fallen_Trees,0.910273,0.179454,,,0.496803,0.09590800000000001,,
TRAIN,distortion_new/20210905_164917(0).jpg,uncollected_waste,0.528133,0.117647,,,0.48977,0.051151,,
TRAIN,distortion_new/20210905_165347.jpg,uncollected_waste,0.24254,0.197783,,,0.553708,0.066496,,
TRAIN,distortion_new/20210905_165347.jpg,uncollected_waste,0.440324,0.098892,,,0.570332,0.063939,,
TRAIN,distortion_new/20210905_165347.jpg,uncollected_waste,0.491475,0.081841,,,0.582481,0.039642000000000004,,
TRAIN,distortion_new/20210905_170537.jpg,fallen_Trees,0.546036,0.075021,,,0.5108699999999999,0.044757,,
TRAIN,distortion_new/20210905_170537.jpg,fallen_Trees,0.415601,0.110827,,,0.5121479999999999,0.047314999999999996,,
TRAIN,distortion_new/20210905_170537.jpg,uncollected_waste,0.085465,0.170929,,,0.5479539999999999,0.090793,,
TRAIN,distortion_new/20210905_170537.jpg,uncollected_waste,0.265558,0.131287,,,0.554987,0.089514,,
TRAIN,distortion_new/20210905_165226.jpg,uncollected_waste,0.297619,0.10778199999999999,,,0.570195,0.033339,,
TRAIN,distortion_new/20210905_165226.jpg,uncollected_waste,0.30492600000000003,0.111436,,,0.531832,0.031513,,
TRAIN,distortion_new/20210905_165226.jpg,uncollected_waste,0.341463,0.0749,,,0.553754,0.036993,,
TRAIN,distortion_new/20210905_165226.jpg,uncollected_waste,0.48517200000000005,0.121179,,,0.5286350000000001,0.039733,,
TRAIN,distortion_new/20210905_165410.jpg,uncollected_waste,0.6474850000000001,0.127877,,,0.512788,0.056266,,
TRAIN,distortion_new/20210905_164949.jpg,fallen_Trees,0.23124499999999998,0.46248900000000004,,,0.556905,0.285166,,
TRAIN,distortion_new/20210905_164949.jpg,uncollected_waste,0.616795,0.28133,,,0.5332479999999999,0.283887,,
TRAIN,distortion_new/20210905_164949.jpg,uncollected_waste,0.796675,0.201194,,,0.5741689999999999,0.148338,,
TRAIN,distortion_new/20210905_165029.jpg,uncollected_waste,0.34058,0.117647,,,0.515985,0.057545000000000006,,
TRAIN,distortion_new/20210905_165029.jpg,uncollected_waste,0.481245,0.102302,,,0.443734,0.046036,,
TRAIN,distortion_new/20210905_165414.jpg,uncollected_waste,0.529463,0.047017,,,0.484771,0.0186,,
TRAIN,distortion_new/20210905_170740.jpg,uncollected_waste,0.640742,0.07517599999999999,,,0.47808599999999996,0.029644,,
TRAIN,distortion_new/20210905_170740.jpg,uncollected_waste,0.911997,0.112377,,,0.525459,0.032551,,
TRAIN,distortion_new/20210905_165547(0).jpg,uncollected_waste,0.088875,0.177749,,,0.579923,0.21866999999999998,,
TRAIN,distortion_new/20210905_165547(0).jpg,uncollected_waste,0.671355,0.21653899999999998,,,0.517263,0.08312,,
TRAIN,distortion_new/20210905_164959.jpg,uncollected_waste,0.063299,0.126598,,,0.349744,0.22378499999999998,,
TRAIN,distortion_new/20210905_164959.jpg,uncollected_waste,0.179454,0.184143,,,0.29923299999999997,0.11509000000000001,,
TRAIN,distortion_new/20210905_164959.jpg,uncollected_waste,0.291986,0.30690500000000004,,,0.337596,0.130435,,
TRAIN,distortion_new/20210905_164959.jpg,uncollected_waste,0.9128299999999999,0.17433900000000002,,,0.36125300000000005,0.149616,,
TRAIN,distortion_new/20210905_164959.jpg,uncollected_waste,0.528986,0.252344,,,0.323529,0.104859,,
TRAIN,distortion_new/20210905_165409.jpg,uncollected_waste,0.667093,0.143223,,,0.46675200000000006,0.035806,,
TRAIN,distortion_new/20210905_165409.jpg,uncollected_waste,0.38661599999999996,0.127877,,,0.470588,0.030691000000000003,,
TRAIN,distortion_new/20210905_165409.jpg,uncollected_waste,0.270673,0.161978,,,0.46867,0.026854000000000003,,
TRAIN,distortion_new/20210905_165547.jpg,uncollected_waste,0.719949,0.22847399999999998,,,0.565217,0.089514,,
TRAIN,distortion_new/20210905_164954(0).jpg,uncollected_waste,0.399921,0.050542000000000004,,,0.472232,0.019181999999999998,,
TRAIN,distortion_new/20210905_164954(0).jpg,uncollected_waste,0.757977,0.156497,,,0.502147,0.026032,,
TRAIN,distortion_new/20210905_164954(0).jpg,fallen_Trees,0.648368,0.038363,,,0.5078550000000001,0.019181999999999998,,
TRAIN,distortion_new/20210905_164954(0).jpg,fallen_Trees,0.370996,0.059676,,,0.49461099999999997,0.014615000000000001,,
TRAIN,distortion_new/20210905_164954(0).jpg,fallen_Trees,0.41788500000000006,0.045062,,,0.49118599999999996,0.015985,,
TRAIN,distortion_new/20210905_164954(0).jpg,fallen_Trees,0.7741140000000001,0.071855,,,0.535714,0.015528,,
TRAIN,distortion_new/20210905_170510.jpg,fallen_Trees,0.118073,0.14663299999999999,,,0.491688,0.09335,,
TRAIN,distortion_new/20210905_170510.jpg,fallen_Trees,0.604007,0.057971,,,0.46930900000000003,0.028133,,
TRAIN,distortion_new/20210905_170510.jpg,fallen_Trees,0.522165,0.064791,,,0.45652200000000004,0.040921,,
TRAIN,distortion_new/20210905_170703.jpg,fallen_Trees,0.24062199999999997,0.48124399999999995,,,0.5319689999999999,0.24808200000000002,,
TRAIN,distortion_new/20210905_170703.jpg,fallen_Trees,0.644928,0.28985500000000003,,,0.46419399999999994,0.148338,,
TRAIN,distortion_new/20210905_170703.jpg,fallen_Trees,0.351662,0.24893400000000002,,,0.393223,0.07800499999999999,,
TRAIN,distortion_new/20210905_165152.jpg,uncollected_waste,0.280051,0.323956,,,0.35102300000000003,0.14194400000000001,,
TRAIN,distortion_new/20210905_165152.jpg,uncollected_waste,0.30306900000000003,0.29156,,,0.294118,0.130435,,
TRAIN,distortion_new/20210905_165152.jpg,uncollected_waste,0.46334200000000003,0.15856800000000001,,,0.24168800000000001,0.040921,,
TRAIN,distortion_new/20210905_170538.jpg,uncollected_waste,0.500853,0.15856800000000001,,,0.503836,0.056266,,
TRAIN,distortion_new/20210905_170538.jpg,uncollected_waste,0.613384,0.144928,,,0.503836,0.043477999999999996,,
TRAIN,distortion_new/20210905_165624.jpg,fallen_Trees,0.314152,0.047741000000000006,,,0.528133,0.033248,,
TRAIN,distortion_new/20210905_165624.jpg,fallen_Trees,0.095055,0.039216,,,0.574808,0.037084,,
TRAIN,distortion_new/20210905_165031.jpg,fallen_Trees,0.5153449999999999,0.129582,,,0.45076700000000003,0.070332,,
TRAIN,distortion_new/20210905_165031.jpg,fallen_Trees,0.438619,0.085251,,,0.473785,0.054987,,
TRAIN,distortion_new/20210905_165031.jpg,fallen_Trees,0.351662,0.078431,,,0.45652200000000004,0.053708000000000006,,
TRAIN,distortion_new/20210905_165632.jpg,uncollected_waste,0.262148,0.110827,,,0.49040900000000004,0.037084,,
TRAIN,distortion_new/20210905_165632.jpg,uncollected_waste,0.436914,0.098892,,,0.5,0.043477999999999996,,
TRAIN,distortion_new/20210905_165632.jpg,fallen_Trees,0.534101,0.057971,,,0.49616400000000005,0.033248,,
TRAIN,distortion_new/20210905_165153.jpg,uncollected_waste,0.531623,0.043158999999999996,,,0.503916,0.015184999999999999,,
TRAIN,distortion_new/20210905_170641(0).jpg,uncollected_waste,0.13086099999999998,0.236999,,,0.35549899999999995,0.109974,,
TRAIN,distortion_new/20210905_170641(0).jpg,uncollected_waste,0.306479,0.20971900000000002,,,0.391944,0.13938599999999998,,
TRAIN,distortion_new/20210905_170641(0).jpg,uncollected_waste,0.367008,0.19096300000000002,,,0.38043499999999997,0.159847,,
TRAIN,distortion_new/20210905_170627.jpg,fallen_Trees,0.713129,0.129582,,,0.517903,0.046036,,
TRAIN,distortion_new/20210905_170627.jpg,uncollected_waste,0.423274,0.078431,,,0.506394,0.058824,,
TRAIN,distortion_new/20210905_164923.jpg,fallen_Trees,0.440324,0.075021,,,0.473146,0.038363,,
TRAIN,distortion_new/20210905_170429.jpg,fallen_Trees,0.060954999999999995,0.117647,,,0.515985,0.057545000000000006,,
TRAIN,distortion_new/20210905_170429.jpg,fallen_Trees,0.129156,0.069906,,,0.608056,0.047314999999999996,,
TRAIN,distortion_new/20210905_170429.jpg,uncollected_waste,0.563086,0.139812,,,0.526215,0.07800499999999999,,
TRAIN,distortion_new/20210905_170406.jpg,uncollected_waste,0.408142,0.042626,,,0.521785,0.014158,,
TRAIN,distortion_new/20210905_165411.jpg,fallen_Trees,0.563086,0.068201,,,0.477621,0.044757,,
TRAIN,distortion_new/20210905_165411.jpg,fallen_Trees,0.484655,0.06138099999999999,,,0.454604,0.037084,,
TRAIN,distortion_new/20210905_165411.jpg,fallen_Trees,0.048806,0.097612,,,0.645141,0.05243,,
TRAIN,distortion_new/20210905_165411.jpg,uncollected_waste,0.352515,0.168798,,,0.5901529999999999,0.08823500000000001,,
TRAIN,distortion_new/20210905_165646.jpg,uncollected_waste,0.160699,0.115942,,,0.498721,0.056266,,
TRAIN,distortion_new/20210905_165646.jpg,uncollected_waste,0.286871,0.102302,,,0.507033,0.05243,,
TRAIN,distortion_new/20210905_165646.jpg,uncollected_waste,0.408781,0.100597,,,0.508312,0.044757,,
TRAIN,distortion_new/20210905_165646.jpg,fallen_Trees,0.373828,0.092072,,,0.48529399999999995,0.039642000000000004,,
TRAIN,distortion_new/20210905_165646.jpg,fallen_Trees,0.52387,0.09548200000000001,,,0.492967,0.054987,,
TRAIN,distortion_new/20210905_165646.jpg,fallen_Trees,0.45566899999999994,0.075021,,,0.476343,0.05243,,
TRAIN,distortion_new/20210905_165646.jpg,fallen_Trees,0.6406649999999999,0.13810699999999998,,,0.49552399999999996,0.057545000000000006,,
TRAIN,distortion_new/20210905_165611.jpg,uncollected_waste,0.712276,0.21312899999999999,,,0.5108699999999999,0.037084,,
TRAIN,distortion_new/20210905_170643.jpg,uncollected_waste,0.109471,0.077501,,,0.542316,0.008138,,
TRAIN,distortion_new/20210905_165610(0).jpg,uncollected_waste,0.282609,0.26087,,,0.441176,0.143223,,
TRAIN,distortion_new/20210905_165610(0).jpg,uncollected_waste,0.467604,0.221654,,,0.469949,0.134271,,
TRAIN,distortion_new/20210905_165622.jpg,uncollected_waste,0.11700799999999999,0.234015,,,0.626598,0.15856800000000001,,
TRAIN,distortion_new/20210905_165622.jpg,uncollected_waste,0.522165,0.184143,,,0.537084,0.081841,,
TRAIN,distortion_new/20210905_165622.jpg,uncollected_waste,0.41901099999999997,0.199488,,,0.5428390000000001,0.054987,,
TRAIN,distortion_new/20210905_165152(0).jpg,uncollected_waste,0.961424,0.077152,,,0.511509,0.038363,,
TRAIN,distortion_new/20210905_165152(0).jpg,uncollected_waste,0.5639390000000001,0.086957,,,0.488491,0.028133,,
TRAIN,distortion_new/20210905_165152(0).jpg,uncollected_waste,0.380648,0.078431,,,0.49936099999999994,0.024297,,
TRAIN,distortion_new/20210905_165548.jpg,uncollected_waste,0.719096,0.21312899999999999,,,0.491688,0.090793,,
TRAIN,distortion_new/20210905_170642.jpg,fallen_Trees,0.36445,0.533674,,,0.514706,0.257033,,
TRAIN,distortion_new/20210905_170642.jpg,fallen_Trees,0.636402,0.371697,,,0.575448,0.286445,,
TRAIN,distortion_new/20210905_170642.jpg,uncollected_waste,0.890452,0.173913,,,0.42902799999999996,0.070332,,
TRAIN,distortion_new/20210905_165626.jpg,fallen_Trees,0.166454,0.332907,,,0.377877,0.157289,,
TRAIN,distortion_new/20210905_165626.jpg,fallen_Trees,0.511935,0.225064,,,0.41688000000000003,0.15856800000000001,,
TRAIN,distortion_new/20210905_165626.jpg,fallen_Trees,0.606564,0.29496999999999995,,,0.39450100000000005,0.19821,,
TRAIN,distortion_new/20210905_165626.jpg,fallen_Trees,0.321824,0.233589,,,0.42455200000000004,0.132992,,
TRAIN,distortion_new/20210905_165626.jpg,fallen_Trees,0.8804350000000001,0.23913,,,0.548593,0.194373,,
TRAIN,distortion_new/20210905_170632.jpg,uncollected_waste,0.45396400000000003,0.269395,,,0.480179,0.147059,,
TRAIN,distortion_new/20210905_170632.jpg,uncollected_waste,0.63555,0.226769,,,0.533887,0.154731,,
TRAIN,distortion_new/20210905_170632.jpg,uncollected_waste,0.730179,0.180733,,,0.589514,0.117647,,
TRAIN,distortion_new/20210905_170542.jpg,uncollected_waste,0.184569,0.323956,,,0.441176,0.132992,,
TRAIN,distortion_new/20210905_164912.jpg,uncollected_waste,0.317714,0.14188299999999998,,,0.525438,0.048867,,
TRAIN,distortion_new/20210905_164912.jpg,uncollected_waste,0.24525,0.06881,,,0.549415,0.034710000000000005,,
TRAIN,distortion_new/20210905_164912.jpg,uncollected_waste,0.41544899999999996,0.114481,,,0.525895,0.059828,,
TRAIN,distortion_new/20210905_164912.jpg,uncollected_waste,0.48973900000000004,0.088905,,,0.526352,0.031513,,
TRAIN,distortion_new/20210905_165705(0).jpg,uncollected_waste,0.046249,0.092498,,,0.482097,0.074169,,
TRAIN,distortion_new/20210905_165705(0).jpg,uncollected_waste,0.124893,0.112532,,,0.480818,0.058824,,
TRAIN,distortion_new/20210905_165705(0).jpg,uncollected_waste,0.22719499999999998,0.143223,,,0.481458,0.054987,,
TRAIN,distortion_new/20210905_165705(0).jpg,uncollected_waste,0.38491,0.13810699999999998,,,0.488491,0.051151,,
TRAIN,distortion_new/20210905_165705(0).jpg,uncollected_waste,0.460784,0.109122,,,0.477621,0.047314999999999996,,
TRAIN,distortion_new/20210905_165705(0).jpg,uncollected_waste,0.30988899999999997,0.097187,,,0.47506400000000004,0.047314999999999996,,
TRAIN,distortion_new/20210905_165306.jpg,fallen_Trees,0.036019,0.072038,,,0.47506400000000004,0.039642000000000004,,
TRAIN,distortion_new/20210905_165306.jpg,fallen_Trees,0.49403199999999997,0.097187,,,0.44756999999999997,0.051151,,
TRAIN,distortion_new/20210905_165609.jpg,uncollected_waste,0.137681,0.076726,,,0.44821000000000005,0.029412,,
TRAIN,distortion_new/20210905_165059.jpg,uncollected_waste,0.28433,0.04673,,,0.484749,0.019418,,
TRAIN,distortion_new/20210905_165059.jpg,uncollected_waste,0.43367700000000003,0.034732,,,0.48806499999999997,0.016577,,
TRAIN,distortion_new/20210905_165059.jpg,uncollected_waste,0.385368,0.044204,,,0.487354,0.012314,,
TRAIN,distortion_new/20210905_164950(0).jpg,uncollected_waste,0.674766,0.31201999999999996,,,0.45843999999999996,0.126598,,
TRAIN,distortion_new/20210905_164950(0).jpg,uncollected_waste,0.8512360000000001,0.242114,,,0.5191819999999999,0.09462899999999999,,
TRAIN,distortion_new/20210905_165027.jpg,uncollected_waste,0.47357200000000005,0.086957,,,0.466113,0.026854000000000003,,
TRAIN,distortion_new/20210905_165027.jpg,uncollected_waste,0.900682,0.088662,,,0.47250600000000004,0.024297,,
TRAIN,distortion_new/20210905_165643.jpg,uncollected_waste,0.436061,0.18243800000000002,,,0.386189,0.13555,,
TRAIN,distortion_new/20210905_165643.jpg,uncollected_waste,0.683291,0.185848,,,0.46163699999999996,0.086957,,
TRAIN,distortion_new/20210905_165643.jpg,uncollected_waste,0.840153,0.172208,,,0.504476,0.090793,,
TRAIN,distortion_new/20210905_165643.jpg,uncollected_waste,0.939898,0.115942,,,0.537084,0.084399,,
TRAIN,distortion_new/20210905_165030.jpg,fallen_Trees,0.5068199999999999,0.09548200000000001,,,0.519821,0.08312,,
TRAIN,distortion_new/20210905_165410(0).jpg,fallen_Trees,0.6577149999999999,0.063086,,,0.467391,0.039642000000000004,,
TRAIN,distortion_new/20210905_165410(0).jpg,uncollected_waste,0.142796,0.148338,,,0.484655,0.063939,,
TRAIN,distortion_new/20210905_165410(0).jpg,uncollected_waste,0.52387,0.163683,,,0.503197,0.037084,,
TRAIN,distortion_new/20210905_170732.jpg,uncollected_waste,0.40326999999999996,0.028011,,,0.47885500000000003,0.017811,,
TRAIN,distortion_new/20210905_170732.jpg,uncollected_waste,0.44406899999999994,0.051151,,,0.479311,0.014158,,
TRAIN,distortion_new/20210905_170732.jpg,uncollected_waste,0.374954,0.059066999999999995,,,0.48502,0.004567,,
TRAIN,distortion_new/20210905_170732.jpg,uncollected_waste,0.600871,0.048106,,,0.47474399999999994,0.014158,,
TRAIN,distortion_new/20210905_165101.jpg,fallen_Trees,0.5059680000000001,0.097187,,,0.403453,0.054987,,
TRAIN,distortion_new/20210905_165101.jpg,fallen_Trees,0.35422,0.076726,,,0.404092,0.07161100000000001,,
TRAIN,distortion_new/20210905_165408.jpg,uncollected_waste,0.374345,0.056630999999999994,,,0.47953999999999997,0.033796,,
TRAIN,distortion_new/20210905_165408.jpg,uncollected_waste,0.480605,0.075508,,,0.470634,0.027859,,
TRAIN,distortion_new/20210905_165545.jpg,uncollected_waste,0.382353,0.262575,,,0.469949,0.08823500000000001,,
TRAIN,distortion_new/20210905_165545.jpg,uncollected_waste,0.5912189999999999,0.20630900000000002,,,0.44756999999999997,0.109974,,
TRAIN,distortion_new/20210905_165610.jpg,fallen_Trees,0.584091,0.033152999999999995,,,0.500853,0.011367,,
TRAIN,distortion_new/20210905_165610.jpg,uncollected_waste,0.513759,0.072464,,,0.510088,0.023444,,
TRAIN,distortion_new/20210905_165610.jpg,uncollected_waste,0.559463,0.050204,,,0.515772,0.019892,,
TRAIN,distortion_new/20210905_165614(0).jpg,fallen_Trees,0.51293,0.034617,,,0.517515,0.016663,,
TRAIN,distortion_new/20210905_165614(0).jpg,uncollected_waste,0.540572,0.047534,,,0.49813999999999997,0.036038,,
TRAIN,distortion_new/20210905_170730.jpg,uncollected_waste,0.385763,0.09548200000000001,,,0.46803100000000003,0.028133,,
TRAIN,distortion_new/20210905_165349.jpg,fallen_Trees,0.41133800000000004,0.14663299999999999,,,0.470588,0.048593,,
TRAIN,distortion_new/20210905_165349.jpg,fallen_Trees,0.313299,0.059676,,,0.477621,0.034526999999999995,,
TRAIN,distortion_new/20210905_165630.jpg,uncollected_waste,0.47613,0.235294,,,0.574808,0.057545000000000006,,
TRAIN,distortion_new/20210905_165630.jpg,fallen_Trees,0.263853,0.056266,,,0.481458,0.029412,,
TRAIN,distortion_new/20210905_165630.jpg,fallen_Trees,0.329497,0.092072,,,0.476343,0.049872,,
TRAIN,distortion_new/20210905_165630.jpg,fallen_Trees,0.41304300000000005,0.088662,,,0.471867,0.046036,,
TRAIN,distortion_new/20210905_170551.jpg,uncollected_waste,0.379795,0.21994899999999998,,,0.400256,0.140665,,
TRAIN,distortion_new/20210905_170551.jpg,uncollected_waste,0.550298,0.27792,,,0.443734,0.127877,,
TRAIN,distortion_new/20210905_170551.jpg,uncollected_waste,0.7028989999999999,0.170503,,,0.48529399999999995,0.136829,,
TRAIN,distortion_new/20210905_170551.jpg,uncollected_waste,0.8486790000000001,0.21653899999999998,,,0.5447569999999999,0.132992,,
TRAIN,distortion_new/20210905_170422.jpg,uncollected_waste,0.321824,0.100597,,,0.52046,0.028133,,
TRAIN,distortion_new/20210905_170422.jpg,uncollected_waste,0.45140699999999995,0.134697,,,0.537724,0.039642000000000004,,
TRAIN,distortion_new/20210905_170422.jpg,uncollected_waste,0.552856,0.098892,,,0.55179,0.037084,,
TRAIN,distortion_new/20210905_165546.jpg,uncollected_waste,0.35485900000000004,0.082207,,,0.49255600000000005,0.024205,,
TRAIN,distortion_new/20210905_165546.jpg,uncollected_waste,0.23094,0.107173,,,0.49346899999999994,0.022379,,
TRAIN,distortion_new/20210905_165546.jpg,uncollected_waste,0.820393,0.11813399999999999,,,0.523612,0.030599,,
TRAIN,distortion_new/20210905_165546.jpg,uncollected_waste,0.621575,0.12970399999999999,,,0.511281,0.04156,,
TRAIN,distortion_new/20210905_165546.jpg,uncollected_waste,0.512575,0.11265399999999999,,,0.502375,0.031056,,
TRAIN,distortion_new/20210905_165546.jpg,uncollected_waste,0.436762,0.144928,,,0.49255600000000005,0.03608,,
TRAIN,distortion_new/20210905_165546.jpg,uncollected_waste,0.289398,0.073073,,,0.482508,0.033339,,
TRAIN,distortion_new/20210905_165319.jpg,uncollected_waste,0.061594,0.123188,,,0.43414300000000006,0.090793,,
TRAIN,distortion_new/20210905_165319.jpg,uncollected_waste,0.187127,0.117647,,,0.41879799999999995,0.080563,,
TRAIN,distortion_new/20210905_165319.jpg,uncollected_waste,0.9034530000000001,0.19309400000000002,,,0.559463,0.080563,,
TRAIN,distortion_new/20210905_165319.jpg,uncollected_waste,0.35081,0.144928,,,0.462916,0.074169,,
TRAIN,distortion_new/20210905_164927.jpg,uncollected_waste,0.309544,0.040596,,,0.466447,0.026793,,
TRAIN,distortion_new/20210905_164927.jpg,uncollected_waste,0.771932,0.098242,,,0.48776,0.032882999999999996,,
TRAIN,distortion_new/20210905_164927.jpg,uncollected_waste,0.476393,0.082004,,,0.460358,0.031665,,
TRAIN,distortion_new/20210905_164927.jpg,uncollected_waste,0.8364799999999999,0.079568,,,0.49628500000000003,0.034101,,
TRAIN,distortion_new/20210905_170446.jpg,uncollected_waste,0.164109,0.30349499999999996,,,0.324169,0.144501,,
TRAIN,distortion_new/20210905_170446.jpg,uncollected_waste,0.35422,0.21312899999999999,,,0.36509,0.149616,,
TRAIN,distortion_new/20210905_170446.jpg,uncollected_waste,0.45566899999999994,0.221654,,,0.338235,0.164962,,
TRAIN,distortion_new/20210905_170446.jpg,uncollected_waste,0.575021,0.21483400000000002,,,0.319693,0.150895,,
TRAIN,distortion_new/20210905_165617.jpg,uncollected_waste,0.78815,0.21142399999999997,,,0.49616400000000005,0.168798,,
TRAIN,distortion_new/20210905_165617.jpg,uncollected_waste,0.616795,0.240409,,,0.529412,0.153453,,
TRAIN,distortion_new/20210905_165412.jpg,uncollected_waste,0.10762999999999999,0.21525999999999998,,,0.699488,0.163683,,
TRAIN,distortion_new/20210905_165412.jpg,uncollected_waste,0.184569,0.218244,,,0.543478,0.102302,,
TRAIN,distortion_new/20210905_165412.jpg,uncollected_waste,0.482097,0.230179,,,0.6176470000000001,0.09462899999999999,,
TRAIN,distortion_new/20210905_165412.jpg,uncollected_waste,0.587809,0.202899,,,0.5185420000000001,0.098465,,
TRAIN,distortion_new/20210905_165412.jpg,uncollected_waste,0.447144,0.115942,,,0.480818,0.092072,,
TRAIN,distortion_new/20210905_165412.jpg,uncollected_waste,0.342285,0.151748,,,0.535806,0.063939,,
TRAIN,distortion_new/20210905_165412.jpg,fallen_Trees,0.279199,0.097187,,,0.46867,0.049872,,
TRAIN,distortion_new/20210905_165412.jpg,fallen_Trees,0.36530300000000004,0.081841,,,0.484015,0.039642000000000004,,
TRAIN,distortion_new/20210905_165412.jpg,fallen_Trees,0.331202,0.07161100000000001,,,0.587596,0.060101999999999996,,
TRAIN,distortion_new/20210905_164922.jpg,uncollected_waste,0.363598,0.109122,,,0.46803100000000003,0.040921,,
TRAIN,distortion_new/20210905_164922.jpg,fallen_Trees,0.6185,0.093777,,,0.501279,0.033248,,
TRAIN,distortion_new/20210905_165708.jpg,uncollected_waste,0.08631699999999999,0.17263399999999998,,,0.546036,0.097187,,
TRAIN,distortion_new/20210905_165708.jpg,fallen_Trees,0.7071609999999999,0.172208,,,0.5345270000000001,0.076726,,
TRAIN,distortion_new/20210905_165708.jpg,fallen_Trees,0.532396,0.102302,,,0.511509,0.035806,,
TRAIN,distortion_new/20210905_165544.jpg,uncollected_waste,0.24702600000000002,0.144522,,,0.536475,0.05724,,
TRAIN,distortion_new/20210905_165544.jpg,uncollected_waste,0.201559,0.123412,,,0.497503,0.049933,,
TRAIN,distortion_new/20210905_165544.jpg,uncollected_waste,0.29249400000000003,0.108797,,,0.511204,0.05176,,
TRAIN,distortion_new/20210905_165544.jpg,uncollected_waste,0.368002,0.154265,,,0.49963500000000005,0.055413,,
TRAIN,distortion_new/20210905_165544.jpg,uncollected_waste,0.27016599999999996,0.137214,,,0.50542,0.085251,,
TRAIN,distortion_new/20210905_165549.jpg,uncollected_waste,0.558824,0.121057,,,0.5211,0.042199,,
TRAIN,distortion_new/20210905_170733.jpg,fallen_Trees,0.592072,0.129582,,,0.315217,0.09590800000000001,,
TRAIN,distortion_new/20210905_170733.jpg,fallen_Trees,0.816496,0.367008,,,0.42135500000000004,0.22378499999999998,,
TRAIN,distortion_new/20210905_165551.jpg,fallen_Trees,0.14343599999999998,0.286871,,,0.40281300000000003,0.21227600000000002,,
TRAIN,distortion_new/20210905_165551.jpg,fallen_Trees,0.408781,0.537084,,,0.512788,0.34015300000000004,,
TRAIN,distortion_new/20210905_165551.jpg,fallen_Trees,0.901748,0.19650399999999998,,,0.5121479999999999,0.154731,,
